dhp#1,pdhp#1,,
dhp#1,gdhp#201,,
dhp#1,uv31#31.23,,
dhp#1,mkv#66,,
dhp#1,ne37#10,,
dhp#1,pe2#6,,
dhp#2,pdhp#2,,
dhp#2,gdhp#202,,
dhp#2,uv31#31.24,,
dhp#2,mkv#66,,
dhp#2,ne37#65,,
dhp#2,pe8#47,,
dhp#2,pe2#6,,
dhp#3,mn128#6,,
dhp#3,ja371#4,,
dhp#3,ja428#3,,
dhp#3,pi-tv-kd10#38,,
dhp#3,pdhp#5,,
dhp#3,uv14#14.9,,
dhp#3,?skt-mu,,Mūlasarvāstivādivinaya (Gilgit III.ii.184)
dhp#4,mn128#7,,
dhp#4,ja371#5,,
dhp#4,ja428#4,,
dhp#4,pi-tv-kd10#39,,
dhp#4,pdhp#6,,
dhp#4,uv14#14.10,,
dhp#4,?skt-mu,,Mūlasarvāstivādivinaya (Gilgit III.ii.184)
dhp#5,mn128#8,,
dhp#5,ja371#6,,
dhp#5,ja428#5,,
dhp#5,pi-tv-kd10#40,,
dhp#5,pdhp#253,,
dhp#5,uv14#14.11,,
dhp#5,?skt-mu,,Mūlasarvāstivādivinaya (Gilgit III.ii.184)
dhp#6,mn128#9,,
dhp#6,thag4.3#verse-num-sc275,,
dhp#6,thag8.1#verse-num-sc498,,
dhp#6,pi-tv-kd10#41,,
dhp#6,ja428#6,,
dhp#6,pdhp#254,,
dhp#6,?skt-mu,,Mūlasarvāstivādivinaya (Gilgit III.ii.183)
dhp#7,pdhp#7,,
dhp#7,gdhp#217,,
dhp#7,uv29#29.15,,
dhp#8,pdhp#8,,
dhp#8,gdhp#218,,
dhp#8,uv29#29.16,,
dhp#8,pe3#25,,
dhp#9,thag17.1#verse-num-sc969,,
dhp#9,ja221#1,,
dhp#9,ja514#26,,
dhp#9,pdhp#94,,
dhp#9,gdhp#192,,
dhp#9,uv29#29.7,,
dhp#10,thag17.1#verse-num-sc970,,
dhp#10,ja221#2,,
dhp#10,ja514#27,,
dhp#10,pdhp#95,,
dhp#10,gdhp#193,,
dhp#10,uv29#29.8,,
dhp#11,uv29#29.8,,
dhp#11,gdhp#213,,
dhp#11,uv29#29.3,,
dhp#12,pdhp#172,,
dhp#12,gdhp#214,,
dhp#12,uv29#29.4,,
dhp#13,thag2.7#verse-num-sc133,,
dhp#13,pdhp#351,,
dhp#13,gdhp#219,,
dhp#13,uv31#31.11,,
dhp#14,thag2.7#verse-num-sc134,,
dhp#14,pdhp#352,,
dhp#14,gdhp#220,,
dhp#14,uv31#31.17,,
dhp#15,pe1#49,,
dhp#15,pdhp#3,,
dhp#15,gdhp#205,,
dhp#15,uv28#28.34,,
dhp#16,pdhp#4,,
dhp#16,gdhp#206,,
dhp#16,uv28#28.35,,
dhp#19,pdhp#290,,
dhp#19,gdhp#190,,
dhp#19,uv4#4.22,,
dhp#20,pdhp#291,,
dhp#20,gdhp#191,,
dhp#20,uv4#4.23,,
dhp#21,ja520#1,,
dhp#21,pe5#36,1,
dhp#21,ne9#11,,
dhp#21,pdhp#14,,
dhp#21,gdhp#115,,
dhp#21,uv4#4.1,,
dhp#22,pdhp#15,,
dhp#22,gdhp#116,,
dhp#22,uv4#4.2,,
dhp#22,pe5#59,,
dhp#23,pdhp#16,,
dhp#23,uv4#4.3,,
dhp#24,pdhp#28,,
dhp#24,gdhp#112,,
dhp#24,uv4#4.6,,
dhp#25,pdhp#29,,
dhp#25,gdhp#111,,
dhp#25,uv4#4.5,,
dhp#26,mn86#37,,
dhp#26,sn1.36#5,,
dhp#26,thag16.8#verse-num-sc883,,
dhp#26,pdhp#17,,
dhp#26,gdhp#117,,
dhp#26,uv4#4.10,,
dhp#27,mn86#38,,
dhp#27,sn1.36#6,,
dhp#27,thag16.8#verse-num-sc884,,
dhp#27,gdhp#129,,
dhp#27,gdhp#134,,
dhp#27,uv4#4.12,,
dhp#28,pdhp#19,,
dhp#28,gdhp#119,,
dhp#28,uv4#4.4,,
dhp#28,mil7.4.5#10,,
dhp#29,pdhp#18,,
dhp#29,gdhp#118,,
dhp#29,uv19#19.4,,
dhp#30,gdhp#120,,
dhp#30,uv4#4.24,,
dhp#31,pdhp#23,,
dhp#31,gdhp#74,,
dhp#31,uv4#4.29,,
dhp#32,an4.37#8,,
dhp#32,an6.32#4,1,
dhp#32,an6.33#2,1,
dhp#32,an7.32#5,1,
dhp#32,an7.33#3,1,
dhp#32,an7.34#3,1,
dhp#32,mil7.7.3#2,,
dhp#32,pdhp#22,,
dhp#32,gdhp#73,,
dhp#32,uv4#4.32,,
dhp#33,pdhp#342,,
dhp#33,uv31#31.8,,
dhp#33,gdhp#136,1,
dhp#34,pdhp#343,,
dhp#34,uv31#31.2,,
dhp#34,gdhp#137,1,
dhp#35,pdhp#345,,
dhp#35,pdhp#345,,
dhp#36,pdhp#346,,
dhp#37,pdhp#344,,
dhp#37,uv31#31.8A,,
dhp#37,uv33#33.55,1,
dhp#37,t210.11#vagga-gatha-num-sc11.4,,
dhp#37,t213.33#vagga-gatha-num-sc33.55,,
dhp#37,t212.34#vagga-gatha-num-sc34.58,,
dhp#37,gdhp#137,1,
dhp#38,pdhp#335,,
dhp#38,uv31#31.28,,
dhp#38,gdhp#137,1,
dhp#39,pdhp#347,,
dhp#39,uv28#28.6,,
dhp#39,gdhp#137,1,
dhp#40,pdhp#350,,
dhp#40,uv31#31.35,,
dhp#40,gdhp#138,1,
dhp#40,pe1#115,,
dhp#41,pdhp#349,,
dhp#41,gdhp#153,,
dhp#41,uv1#1.35,,
dhp#42,ud4.3#8,,
dhp#42,uv31#31.9,1,
dhp#43,uv31#31.10,,
dhp#44,pdhp#131,,
dhp#44,gdhp#301,,
dhp#44,uv18#18.1,,
dhp#45,pdhp#132,,
dhp#45,gdhp#302,,
dhp#45,uv18#18.2,,
dhp#46,pdhp#134,,
dhp#46,gdhp#300,,
dhp#46,uv18#18.18,,
dhp#47,pdhp#128,,
dhp#47,gdhp#294,,
dhp#47,uv18#18.14,,
dhp#48,pdhp#129,,
dhp#48,uv18#18.15,,
dhp#49,ne37#486,,
dhp#49,pdhp#127,,
dhp#49,gdhp#292,,
dhp#49,uv18#18.8,,
dhp#50,pdhp#309,,
dhp#50,gdhp#271,,
dhp#50,uv18#18.9,,
dhp#51,thag5.2#verse-num-sc323,,
dhp#51,pdhp#125,,
dhp#51,gdhp#290,,
dhp#51,uv18#18.6,,
dhp#52,thag5.2#verse-num-sc324,,
dhp#52,pdhp#126,,
dhp#52,pdhp#126,,
dhp#52,uv18#18.7,,
dhp#53,pdhp#130,,
dhp#53,gdhp#293,,
dhp#53,uv18#18.10,,
dhp#54,an3.79#7,,
dhp#54,mil6.4.1#10,,
dhp#54,pdhp#121,,
dhp#54,gdhp#295,,
dhp#54,uv6#6.16,,
dhp#55,mil6.4.1#11,,
dhp#55,pdhp#122,,
dhp#55,uv6#6.17,,
dhp#55,gdhp#296,1,
dhp#56,pdhp#123,,
dhp#56,uv6#6.18,,
dhp#56,mil6.4.1#12,,
dhp#57,pdhp#124,,
dhp#57,gdhp#297,,
dhp#57,uv6#6.19,,
dhp#58,pdhp#135,,
dhp#58,gdhp#303,,
dhp#58,uv18#18.12,,
dhp#59,pdhp#136,,
dhp#59,gdhp#304,,
dhp#59,uv18#18.13,,
dhp#60,pdhp#185,,
dhp#60,uv1#1.19,,
dhp#61,uv14#14.15,,
dhp#61,?skt-mu,,Mūlasarvāstivādivinaya (Gilgit III.ii.185)
dhp#62,uv1#1.20,,
dhp#63,pdhp#184,,
dhp#63,uv25#25.22,,
dhp#63,divy#431.009,,
dhp#64,pdhp#191,,
dhp#64,gdhp#233,,
dhp#64,uv25#25.13,,
dhp#65,pdhp#192,,
dhp#65,gdhp#234,,
dhp#65,uv25#25.14,,
dhp#66,sn2.22#2,,
dhp#66,ne37#44,,
dhp#66,pdhp#174,,
dhp#66,uv9#9.13,,
dhp#67,sn2.22#3,,
dhp#67,ne37#45,,
dhp#67,pdhp#175,,
dhp#67,uv9#9.14,,
dhp#68,sn2.22#4,,
dhp#68,pdhp#176,,
dhp#68,uv9#9.15,,
dhp#69,sn3.15#8,1,
dhp#69,uv28#28.18,,
dhp#70,pdhp#388,,
dhp#70,uv24#24.20E,,
dhp#70,mvu109#15,,
dhp#71,pdhp#107,,
dhp#71,uv9#9.17,,
dhp#71,ne37#323,,
dhp#71,pe2#98,,
dhp#72,pdhp#177,,
dhp#72,uv13#13.2,,
dhp#73,pdhp#178,,
dhp#73,uv13#13.3,,
dhp#74,pdhp#179-180,,
dhp#74,uv13#13.4-#13.5,,
dhp#75,pdhp#180-181,,
dhp#75,uv13#13.5-#13.6,,
dhp#76,thag17.2#verse-num-sc993,,
dhp#76,mnd16#254,,
dhp#76,pdhp#206,,
dhp#76,gdhp#231,,
dhp#76,uv28#28.7,,
dhp#77,thag17.2#verse-num-sc994,,
dhp#77,mnd16#255,,
dhp#77,pdhp#207,,
dhp#77,gdhp#230,,
dhp#77,uv5#5.26,,
dhp#78,pdhp#205,,
dhp#78,uv25#25.3,,
dhp#79,uv25#25.3,,
dhp#79,gdhp#224,,
dhp#79,gdhp#224,,
dhp#80,mn86#31,,
dhp#80,thag16.8#verse-num-sc877,,
dhp#80,thag1.19#verse-num-sc19,,
dhp#80,uv17#17.10,,
dhp#80,dhp#145,,
dhp#81,thag13.1#verse-num-sc643,1,
dhp#81,mil7.4.5#2,,
dhp#81,pdhp#93,,
dhp#81,gdhp#239,,
dhp#81,uv29#29.49,,
dhp#82,pdhp#275,,
dhp#82,gdhp#225,,
dhp#82,gdhp#225,,
dhp#83,pdhp#80,,
dhp#83,gdhp#226,,
dhp#83,uv30#30.52,,
dhp#84,pdhp#326,,
dhp#84,gdhp#324,,
dhp#85,sn45.34#3,,
dhp#85,an10.117#2,,
dhp#85,an10.118#3,,
dhp#85,an10.169#3,,
dhp#85,an10.170#2,,
dhp#85,pdhp#261,,
dhp#85,uv29#29.33,,
dhp#86,sn45.34#4,,
dhp#86,an10.117#3,,
dhp#86,an10.118#4,,
dhp#86,an10.169#4,,
dhp#86,an10.170#3,,
dhp#86,pdhp#262,,
dhp#86,uv29#29.34,,
dhp#87,sn45.34#5,,
dhp#87,an10.117#4,,
dhp#87,an10.118#5,,
dhp#87,an10.169#5,,
dhp#87,an10.170#4,,
dhp#87,pdhp#263,,
dhp#87,uv16#16.14,,
dhp#88,sn45.34#6,,
dhp#88,an10.117#5,,
dhp#88,an10.118#6,,
dhp#88,an10.169#6,,
dhp#88,an10.170#5,,
dhp#88,pdhp#264,,
dhp#88,uv16#16.14,1,
dhp#89,sn45.34#7,,
dhp#89,an10.117#6,,
dhp#89,an10.118#7,,
dhp#89,an10.169#7,,
dhp#89,an10.170#6,,
dhp#89,pdhp#265,,
dhp#89,uv31#31.39,,
dhp#90,pdhp#86,,
dhp#90,uv29#29.35,,
dhp#91,pdhp#231,,
dhp#91,uv17#17.1,,
dhp#92,pdhp#87,,
dhp#92,pdhp#270,,
dhp#92,uv29#29.26,,
dhp#93,thag1.92,,
dhp#93,pdhp#270,,
dhp#93,uv29#29.29,,
dhp#94,thag2.43#verse-num-sc205,1,
dhp#94,ne37#328,,
dhp#94,pe2#101,,
dhp#94,pdhp#89,,
dhp#94,uv19#19.3,,
dhp#96,sn7.2#4,1,
dhp#96,thag6.12#verse-num-sc441,1,
dhp#96,pdhp#88,,
dhp#96,uv31#31.45,,
dhp#97,pdhp#333,,
dhp#97,uv29#29.23,,
dhp#97,mnd10#75,,
dhp#98,sn11.15#3,,
dhp#98,thag17.2#verse-num-sc991,,
dhp#98,ja355#4,1,
dhp#98,pdhp#245,,
dhp#98,uv29#29.18,,
dhp#99,thag17.2#verse-num-sc992,,
dhp#99,pdhp#155,,
dhp#99,uv29#29.17,,
dhp#100,pdhp#376,,
dhp#100,gdhp#306,,
dhp#100,uv24#24.1,,
dhp#100,mvu109#2,,
dhp#101,tha-ap538#40,,
dhp#101,gdhp#308,,
dhp#101,mvu109#3,,
dhp#102,pdhp#377,,
dhp#102,gdhp#309,,
dhp#102,uv24#24.2,,
dhp#103,pdhp#378,,
dhp#103,gdhp#305,,
dhp#103,uv23#23.3,,
dhp#103,mvu109#4,,
dhp#104,pdhp#319,,
dhp#104,uv23#23.4,,
dhp#105,pdhp#320,,
dhp#105,uv23#23.5,,
dhp#106,pdhp#379,,
dhp#106,gdhp#310,,
dhp#106,gdhp#320,,
dhp#106,skt-lo-mvu109#5-#9,,
dhp#107,pdhp#380,,
dhp#107,gdhp#319-320,,
dhp#107,uv24#24.16,,
dhp#107,skt-lo-mvu109#16-#17,,
dhp#108,pdhp#381,,
dhp#108,gdhp#321,,
dhp#108,uv24#24.30,,
dhp#108,skt-lo-mvu109#18,,
dhp#109,gdhp#172,,
dhp#110,pdhp#390,,
dhp#110,uv24#24.3,,
dhp#110,skt-lo-mvu109#19,,
dhp#111,pdhp#391,,
dhp#111,uv24#24.4,,
dhp#112,thi-ap26#20,,
dhp#112,pdhp#392,,
dhp#112,gdhp#316,,
dhp#112,uv24#24.5,,
dhp#112,skt-lo-mvu109#20,,
dhp#113,thi-ap22#27,,
dhp#113,pdhp#393,,
dhp#113,gdhp#317,,
dhp#113,uv24#24.6,,
dhp#113,skt-lo-mvu109#23,,
dhp#114,pdhp#395,,
dhp#114,uv24#24.15,,
dhp#114,skt-lo-mvu109#25,,
dhp#115,pdhp#394,,
dhp#115,gdhp#318,,
dhp#115,uv24#24.14,,
dhp#115,skt-lo-mvu109#22,,
dhp#116,pdhp#96,,
dhp#116,uv28#28.23,,
dhp#117,pdhp#97,,
dhp#117,gdhp#207,,
dhp#117,uv28#28.21,,
dhp#118,pdhp#98,,
dhp#118,gdhp#208,,
dhp#118,uv28#28.22,,
dhp#119,pdhp#102,,
dhp#119,uv28#28.19,,
dhp#120,pdhp#103,,
dhp#120,uv28#28.20,,
dhp#121,pdhp#193,,
dhp#121,gdhp#209,,
dhp#121,uv17#17.5,,
dhp#122,pdhp#194,,
dhp#122,gdhp#210,,
dhp#122,uv17#17.6,,
dhp#123,pdhp#116,,
dhp#123,uv28#28.14,,
dhp#124,pdhp#106,,
dhp#124,uv28#28.15,,
dhp#125,sn1.22#2,,
dhp#125,snp3.10#verse-num-sc668,,
dhp#125,ja367#5,,
dhp#125,pdhp#115,,
dhp#125,uv28#28.9,,
dhp#126,pdhp#274,,
dhp#127,uv9#9.5,,
dhp#127,divy#475.021,,
dhp#128,uv1#1.25,,
dhp#128,mil5.2.4#2,,
dhp#129,snp3.11#verse-num-sc711,1,
dhp#129,mil5.2.3,1,
dhp#129,pdhp#202,,
dhp#129,uv5#5.19,,
dhp#130,snp3.11#verse-num-sc711,1,
dhp#130,pdhp#202,,
dhp#130,uv5#5.19,,
dhp#131,ud2.3#3,,
dhp#131,ne37#18,,
dhp#131,ne37#70,,
dph131,ne9#7,,
dhp#131,pdhp#203,,
dhp#131,uv30#30.3,,
dhp#132,ud2.3#4,,
dhp#132,pdhp#204,,
dhp#132,uv30#30.4,,
dhp#133,pdhp#197,,
dhp#133,uv26#26.3,,
dhp#134,pdhp#198-199,,
dhp#134,uv26#26.5,,
dhp#135,pdhp#200,,
dhp#135,uv1#1.17,,
dhp#136,thag2.13#verse-num-sc146,1,
dhp#136,uv9#9.12,,
dhp#137,uv28#28.26,,
dhp#138,uv28#28.28,,
dhp#139,uv28#28.27,,
dhp#140,an5.174#10,1,
dhp#140,iti30#4,1,
dhp#140,uv28#28.29,,
dhp#140,gdhp#211,1,
dhp#141,ja528#37,1,
dhp#141,pdhp#195,,
dhp#141,uv33#33.1,,
dhp#141,skt-lo-mvu104#23,,
dhp#141,divy#210.003,,
dhp#141,t210.18#vagga-gatha-num-sc18.9,,
dhp#141,t212.34#vagga-gatha-num-sc34.1,,
dhp#141,t213.33#vagga-gatha-num-sc33.1,,
dhp#141,?skt-mu,,Mūlasarvāstivādivinaya (Gilgit III.iv.40)
dhp#142,pdhp#196,,
dhp#142,gdhp#80,,
dhp#142,uv33#33.2,,
dhp#142,skt-lo-mvu104#24,,
dhp#142,divy#210.007,,
dhp#142,?skt-mu,,Mūlasarvāstivādivinaya (Gilgit III.iv.40 41)
dhp#143,sn1.18#1,,
dhp#143,uv19#19.5,1,
dhp#144,pdhp#329,,
dhp#144,uv19#19.2,,
dhp#145,mn86#31,,
dhp#145,thag16.8#verse-num-sc877,,
dhp#145,thag1.19#verse-num-sc19,,
dhp#145,uv17#17.10,,
dhp#146,pdhp#233,,
dhp#146,gdhp#143,,
dhp#146,uv1#1.4,,
dhp#146,skt-lo-mvu100#4,,
dhp#147,mn82mn82#17,,
dhp#147,thag16.4#verse-num-sc769,,
dhp#147,uv27#27.20,,
dhp#148,pdhp#259,,
dhp#148,gdhp#142,,
dhp#148,uv1#1.34,,
dhp#149,gdhp#154-155,,
dhp#149,uv1#1.5,,
dhp#149,divy#475.023,,
dhp#150,gdhp#284,,
dhp#150,uv16#16.23,,
dhp#151,sn3.3#2,,
dhp#151,ja537#43,,
dhp#151,gdhp#160,,
dhp#151,uv1#1.28,,
dhp#152,thag17.3#verse-num-sc1029,,
dhp#152,pdhp#209,,
dhp#153,thag1.78,1,
dhp#153,thag2.32#verse-num-sc183,1,
dhp#153,thig6.7,1,verses that have similar lines but perhaps in a different position
dhp#153,uv31#31.6,,
dhp#154,thag2.32#verse-num-sc184,1,
dhp#154,uv31#31.7,,
dhp#155,pe1#39,,
dhp#155,pdhp#229,,
dhp#155,uv17#17.3,,
dhp#156,pdhp#230,,
dhp#156,uv17#17.4,,
dhp#156,gdhp#139,1,
dhp#157,pdhp#312,,
dhp#157,uv5#5.15,,
dhp#158,pdhp#317,,
dhp#158,gdhp#227,,
dhp#158,uv23#23.7,,
dhp#159,pdhp#318,,
dhp#159,uv23#23.8,,
dhp#160,pdhp#321,,
dhp#160,uv23#23.11,,
dhp#161,pdhp#307,,
dhp#161,uv28#28.12,1,
dhp#161,ne37#475,,
dhp#162,pdhp#306,,
dhp#162,gdhp#330,,
dhp#162,uv11#11.10,,
dhp#162,ne37#473,,
dhp#163,pdhp#167,,
dhp#163,gdhp#264,,
dhp#163,uv28#28.16,,
dhp#164,pdhp#315,,
dhp#164,gdhp#258,,
dhp#164,uv8#8.7,,
dhp#165,pdhp#308,,
dhp#165,uv28#28.11-#28.12,,
dhp#165,mnd2#32,,
dhp#165,cnd9#29,,
dhp#165,kv16.1#7,,
dhp#165,kv16.2#7,,
dhp#166,pdhp#325,,
dhp#166,gdhp#265,,
dhp#166,uv23#23.10,,
dhp#167,pdhp#31,,
dhp#167,gdhp#121,,
dhp#167,uv4#4.8,,
dhp#168,thi-ap28#88,1,
dhp#168,ja384#1,1,
dhp#168,pdhp#27,,
dhp#168,gdhp#110,,
dhp#168,uv4#4.35,,
dhp#169,thi-ap28#89,,
dhp#169,thi-ap30#51,,
dhp#169,ja384#1,1,
dhp#169,pdhp#224,,
dhp#169,gdhp#328,,
dhp#169,uv30#30.5,,
dhp#169,avs#38.1,,
dhp#170,snp5.16#verse-num-sc1126,1,
dhp#170,tha-ap542#28,1,
dhp#170,kv1.1#334,1,
dhp#170,pdhp#258,,
dhp#170,uv27#27.15,,
dhp#170,mnd15#172,1,
dhp#170,cnd2#88,1,
dhp#170,cnd19#35,1,
dhp#170,cnd19#67,1,
dhp#171,uv27#27.17,,
dhp#172,mn86#25,,
dhp#172,thag16.8#verse-num-sc871,,
dhp#172,thag10.3#verse-num-sc548,1,
dhp#172,pdhp#20,,
dhp#172,gdhp#122,,
dhp#172,uv16#16.5,,
dhp#173,mn86#26,,
dhp#173,thag16.8#verse-num-sc872,,
dhp#173,thag10.3#verse-num-sc548,1,
dhp#173,uv16#16.9,,
dhp#174,uv27#27.5,,
dhp#175,pdhp#232,,
dhp#175,uv17#17.2,,
dhp#176,iti25#3,,
dhp#176,pdhp#297,,
dhp#176,uv9#9.1,,
dhp#177,pdhp#293,,
dhp#177,uv10#10.2,,
dhp#178,pdhp#338,,
dhp#179,pdhp#276,,
dhp#179,uv29#29.52,,
dhp#179,skt-lo-mvu75#7,,
dhp#180,sn4.7#3,1,
dhp#180,pdhp#277,,
dhp#180,uv29#29.53,,
dhp#180,skt-lo-mvu75#8,,
dhp#181,pdhp#244,,
dhp#181,uv21#21.9,,
dhp#182,pdhp#334,,
dhp#182,gdhp#263,,
dhp#183,dn14#176,,
dhp#183,ne10#11,,
dhp#183,ne19#4,,
dhp#183,ne37#397,,
dhp#183,ne37#501,,
dhp#183,pe2#157,,
dhp#183,pdhp#357,,
dhp#183,uv28#28.1,,
dhp#184,dn14#175,,
dhp#184,pdhp#239,,
dhp#184,uv26#26.2,,
dhp#185,dn14#177,,
dhp#185,ud4.6#4,,
dhp#185,uv31#31.50,,
dhp#186,ja258#2,,
dhp#186,pdhp#145,,
dhp#186,uv2#2.17,,
dhp#186,divy#138.021,,
dhp#187,ja258#3,,
dhp#187,pdhp#146,,
dhp#187,uv2#2.18,,
dhp#187,divy#138.023,,
dhp#188,pdhp#216,,
dhp#188,uv27#27.31,,
dhp#188,divy#101.016,,
dhp#189,pdhp#217,,
dhp#189,uv27#27.32,,
dhp#189,divy#101.017,,
dhp#190,pdhp#218,,
dhp#190,uv27#27.33,,
dhp#190,divy#101.019,,
dhp#191,sn15.10#6,,
dhp#191,iti24#5,,
dhp#191,thag21.1#verse-num-sc1269,,
dhp#191,thig7.2#5,,
dhp#191,ne37#156,,
dhp#191,uv27#27.34,,
dhp#191,divy#101.021,,
dhp#192,pdhp#219,,
dhp#192,uv27#27.35,,
dhp#192,divy#101.023,,
dhp#193,pdhp#79,,
dhp#193,gdhp#173,,
dhp#193,uv30#30.27,,
dhp#193,skt-lo-mvu75#136,,
dhp#194,pdhp#68,,
dhp#194,uv30#30.22,,
dhp#195,tha-ap93#1,,
dhp#196,tha-ap93#2,,
dhp#197,pdhp#255,,
dhp#197,gdhp#166,,
dhp#197,uv30#30.47,,
dhp#198,uv30#30.45,,
dhp#199,pdhp#256,,
dhp#199,gdhp#165,,
dhp#199,uv30#30.43,,
dhp#200,sn4.18#4,,
dhp#200,ja539#133,,
dhp#200,pdhp#257,,
dhp#200,gdhp#168,,
dhp#200,uv30#30.49,,
dhp#201,sn3.14#5,,
dhp#201,pdhp#81,,
dhp#201,gdhp#180,,
dhp#201,uv30#30.1,,
dhp#201,avs#0.1,,
dhp#203,pdhp#75,,
dhp#203,gdhp#163,,
dhp#203,uv26#26.7,,
dhp#204,mn75#22,1,
dhp#204,mn75#26,1,
dhp#204,pdhp#76,,
dhp#204,gdhp#162,,
dhp#204,uv26#26.6,,
dhp#205,snp2.3#verse-num-sc260,,
dhp#205,ja363#5,,
dhp#205,uv28#28.5,,
dhp#206,pdhp#69,,
dhp#206,gdhp#175,,
dhp#206,uv30#30.25,,
dhp#207,pdhp#70,,
dhp#207,gdhp#176,,
dhp#207,uv30#30.26,,
dhp#208,pdhp#71,,
dhp#208,gdhp#177,,
dhp#209,pdhp#173,,
dhp#209,gdhp#266,,
dhp#209,uv5#5.9,,
dhp#210,pdhp#73,,
dhp#210,uv5#5.5,,
dhp#211,pdhp#74,,
dhp#211,uv5#5.8,,
dhp#212,pdhp#72,,
dhp#212,uv5#5.1,,
dhp#212,avs#35.1,,
dhp#214,uv2#2.3,,
dhp#215,uv2#2.2,,
dhp#217,pdhp#294,1,
dhp#217,gdhp#322,1,
dhp#217,uv5#5.24,1,
dhp#218,uv2#2.9,,
dhp#219,vv52#1,,
dhp#219,uv5#5.20,,
dhp#220,vv52#2,,
dhp#220,uv5#5.21,,
dhp#221,sn1.34#5,,
dhp#221,sn1.36#4,1,
dhp#221,pdhp#238,,
dhp#221,gdhp#274,,
dhp#221,uv20#20.1,,
dhp#222,gdhp#275,,
dhp#222,uv20#20.22,,
dhp#223,ja151#2,,
dhp#223,gdhp#280,,
dhp#223,uv20#20.19,,
dhp#224,pdhp#292,,
dhp#224,gdhp#281,,
dhp#224,uv20#20.16,,
dhp#225,pdhp#240,,
dhp#225,uv7#7.7,,
dhp#226,pdhp#269,,
dhp#226,uv15#15.8,,
dhp#227,pdhp#283,,
dhp#227,gdhp#237,,
dhp#227,uv29#29.45,,
dhp#228,ud6.3#3,1,
dhp#228,pdhp#284,,
dhp#228,gdhp#240,,
dhp#228,uv29#29.46,,
dhp#229,pdhp#286,,
dhp#229,gdhp#241,,
dhp#229,uv29#29.47-#29.48,,
dhp#230,an4.6#9,,
dhp#230,an4.28#7,,
dhp#230,an5.42#4,,
dhp#230,ud7.6#4,,
dhp#230,pdhp#287,,
dhp#230,gdhp#242,,
dhp#230,uv22#22.11,,
dhp#231,pdhp#279,,
dhp#231,uv7#7.1,,
dhp#232,pdhp#280,,
dhp#232,uv7#7.2,,
dhp#233,pe3#49,,
dhp#233,pdhp#281,,
dhp#233,uv7#7.3,,
dhp#234,pdhp#282,,
dhp#234,gdhp#51,,
dhp#234,uv7#7.10,,
dhp#235,pdhp#161,,
dhp#236,pdhp#162,,
dhp#238,uv16#16.3,1,
dhp#239,pdhp#163,,
dhp#239,uv2#2.10,,
dhp#239,kv1.4#18,,
dhp#239,kv2.9#24,,
dhp#240,pdhp#160,,
dhp#240,uv9#9.19,,
dhp#240,ne37#14,,
dhp#240,pe1#64,,
dhp#240,pe2#115,,
dhp#241,an8.15#2,,
dhp#241,pdhp#157,,
dhp#242,an8.15#3,,
dhp#242,pdhp#158,,
dhp#243,an8.15#2,1,
dhp#243,pdhp#159,,
dhp#244,pdhp#164,,
dhp#244,gdhp#221,,
dhp#244,uv27#27.3,,
dhp#245,pdhp#165,,
dhp#245,gdhp#222,,
dhp#245,uv27#27.4,,
dhp#246,an5.174#9,,
dhp#246,pe2#108,,
dhp#246,pe3#10,,
dhp#247,an5.174#9,1,
dhp#247,pe2#109,1,
dhp#249,pdhp#327,,
dhp#249,uv10#10.12,,
dhp#250,pdhp#328,,
dhp#250,uv10#10.13,,
dhp#251,uv29#29.37,,
dhp#252,ja374#5,1,
dhp#252,pdhp#166,,
dhp#252,gdhp#272,,
dhp#252,uv27#27.1,,
dhp#253,pdhp#268,,
dhp#253,gdhp#339,1,
dhp#253,uv27#27.2,1,
dhp#254,uv29#29.38,,
dhp#255,uv29#29.38,1,
dhp#259,pdhp#32,,
dhp#259,gdhp#114,,
dhp#259,uv4#4.21,,
dhp#260,gdhp#182,,
dhp#260,uv11#11.11,,
dhp#261,ja166#2,1,
dhp#261,pdhp#289,,
dhp#262,pdhp#288,,
dhp#262,gdhp#186,,
dhp#262,uv29#29.10,,
dhp#263,pdhp#289,1,
dhp#263,gdhp#187,1,
dhp#263,uv10#10.7,1,
dhp#264,pdhp#235,,
dhp#264,gdhp#188,,
dhp#264,uv11#11.13,,
dhp#265,pdhp#236,,
dhp#265,gdhp#1,,
dhp#265,gdhp#189,,
dhp#265,uv33#33.8,,
dhp#266,sn7.20#2,,
dhp#266,gdhp#67,,
dhp#266,uv32#32.18,,
dhp#266,skt-lo-mvu107#35,,
dhp#267,sn7.20#2,,
dhp#267,gdhp#68,,
dhp#267,uv32#32.19,,
dhp#267,skt-lo-mvu107#36,,
dhp#268,mnd2#122,,
dhp#268,cnd8#55,,
dhp#269,mnd2#123,,
dhp#269,cnd8#56,,
dhp#271,pdhp#271,,
dhp#271,gdhp#65,,
dhp#271,uv32#32.31,,
dhp#271,skt-lo-mvu107#33,,
dhp#272,pdhp#272,,
dhp#272,gdhp#66,,
dhp#272,uv32#32.32,,
dhp#272,skt-lo-mvu107#34,,
dhp#273,pdhp#358,,
dhp#273,gdhp#109,,
dhp#273,uv12#12.4,,
dhp#273,ne37#509,,
dhp#273,pe2#176,,
dhp#273,kv20.5#3,,
dhp#274,pdhp#360,,
dhp#274,pe2#140,,
dhp#275,pdhp#359-360,,
dhp#275,uv12#12.9,1,
dhp#276,pdhp#359,,
dhp#276,uv12#12.9,,
dhp#276,uv6#6.20,,
dhp#277,thag15.1#verse-num-sc676,,
dhp#277,qan3.136#1,,
dhp#277,mnd4#42,,
dhp#277,cnd6#14,1,
dhp#277,cnd12#12,1,
dhp#277,cnd16#23,1,
dhp#277,ne4#17,,
dhp#277,ne37#374,,
dhp#277,kv16.4#13,,
dhp#277,pdhp#373,,
dhp#277,gdhp#106,,
dhp#277,uv12#12.5,,
dhp#278,thag15.1#verse-num-sc677,,
dhp#278,qan3.136#1,,
dhp#278,mnd4#42,,
dhp#278,cnd6#14,1,
dhp#278,cnd12#12,1,
dhp#278,cnd16#23,1,
dhp#278,ne4#18,,
dhp#278,ne37#375,,
dhp#278,kv16.4#14,,
dhp#278,gdhp#107,,
dhp#278,uv12#12.6,,
dhp#279,thag15.1#verse-num-sc678,,
dhp#279,qan3.136#1,,
dhp#279,mnd4#42,,
dhp#279,cnd6#14,1,
dhp#279,cnd12#12,1,
dhp#279,cnd16#23,1,
dhp#279,ne4#19,,
dhp#279,ne37#376,,
dhp#279,kv16.4#15,,
dhp#279,pdhp#374,,
dhp#279,gdhp#108,,
dhp#279,uv12#12.8,,
dhp#279,pe2#62,,
dhp#279,pe2#136,,
dhp#280,pdhp#30,,
dhp#280,gdhp#113,,
dhp#280,uv31#31.32,,
dhp#281,pdhp#278,,
dhp#281,uv7#7.12,,
dhp#281,ne37#467,,
dhp#281,pe3#52,,
dhp#282,pdhp#375,,
dhp#282,uv29#29.40,,
dhp#283,pdhp#361,,
dhp#283,uv18#18.3,,
dhp#283,gdhp#93,1,
dhp#284,pdhp#362,,
dhp#284,uv18#18.4,,
dhp#284,gdhp#94,1,
dhp#285,pdhp#363,,
dhp#285,gdhp#299,,
dhp#285,uv18#18.5,,
dhp#285,ne9#27,,
dhp#286,pdhp#364,,
dhp#286,uv1#1.38,,
dhp#286,gdhp#333,1,
dhp#287,pdhp#365,,
dhp#287,uv1#1.39,,
dhp#287,gdhp#334,1,
dhp#288,thi-ap20#34,,
dhp#288,pdhp#366,,
dhp#288,gdhp#261,,
dhp#288,uv1#1.40,,
dhp#289,uv6#6.15,,
dhp#290,pdhp#77,,
dhp#290,gdhp#164,,
dhp#290,uv30#30.30,,
dhp#291,pdhp#117,,
dhp#291,gdhp#179,,
dhp#291,uv30#30.2,,
dhp#292,thag13.1#verse-num-sc635,,
dhp#292,pe8#151,1,
dhp#292,pdhp#266,,
dhp#292,uv4#4.19,,
dhp#292,gdhp#339,1,
dhp#293,thag13.1#verse-num-sc636,,
dhp#293,ne8#4,1,
dhp#293,pe5#31,1,
dhp#293,pdhp#267,,
dhp#293,uv4#4.20,,
dhp#293,gdhp#340,1,
dhp#294,pdhp#47,,
dhp#294,gdhp#12,,
dhp#294,uv29#29.24,,
dhp#294,t210.2#vagga-gatha-num-sc2.12,,
dhp#294,t213.33#vagga-gatha-num-sc33.60,,
dhp#294,t212.34#vagga-gatha-num-sc34.62,,
dhp#294,t213.29#vagga-gatha-num-sc29.23,,
dhp#294,t212.30#vagga-gatha-num-sc30.25,,
dhp#294,ne37#350,,
dhp#295,uv33#33.61-#33.62,,
dhp#296,gdhp#100,,
dhp#296,uv15#15.12,,
dhp#297,gdhp#101,,
dhp#297,uv15#15.13,,
dhp#298,gdhp#102,,
dhp#298,uv15#15.14,,
dhp#299,pdhp#243,,
dhp#299,gdhp#103,,
dhp#299,uv15#15.15,,
dhp#300,pdhp#241,,
dhp#300,gdhp#104,,
dhp#300,uv15#15.17,,
dhp#301,ne37#205,1,
dhp#301,pdhp#242,,
dhp#301,gdhp#105,,
dhp#301,uv15#15.25,,
dhp#302,gdhp#262,,
dhp#302,uv11#11.8,,
dhp#303,pdhp#331,,
dhp#303,gdhp#323,,
dhp#303,uv10#10.8,1,
dhp#304,uv29#29.19,,
dhp#304,mnd16#21,,
dhp#304,ne5#10,,
dhp#305,pdhp#313,,
dhp#305,gdhp#259,,
dhp#305,uv23#23.2,,
dhp#306,ud4.8#12,,
dhp#306,iti48#3,,
dhp#306,snp3.10#verse-num-sc667,,
dhp#306,pdhp#114,,
dhp#306,gdhp#269,,
dhp#306,uv8#8.1,,
dhp#307,pi-tv-bu-vb-pj4#15,,
dhp#307,iti48#4,,
dhp#307,iti91#4,,
dhp#307,pdhp#113,,
dhp#307,uv11#11.9,,
dhp#308,pi-tv-bu-vb-pj4#16,,
dhp#308,iti48#5,,
dhp#308,pdhp#295,,
dhp#308,gdhp#331,,
dhp#308,uv9#9.2,,
dhp#309,pdhp#210,,
dhp#309,gdhp#270,,
dhp#309,uv4#4.14,,
dhp#310,pdhp#211,,
dhp#310,uv4#4.15,,
dhp#311,sn2.8#5,,
dhp#311,pdhp#296,,
dhp#311,gdhp#215,,
dhp#311,uv11#11.4,,
dhp#312,sn2.8#6,,
dhp#312,thag4.3#verse-num-sc277,,
dhp#312,uv11#11.3,,
dhp#313,sn2.8#10,,
dhp#313,uv11#11.2,,
dhp#314,sn2.8#11,,
dhp#314,pdhp#100-101,,
dhp#314,gdhp#337,,
dhp#314,uv29#29.41-#29.42,,
dhp#315,thag17.2#verse-num-sc1005,,
dhp#315,thag14.1#verse-num-sc653,1,
dhp#315,an8.29#14,1,
dhp#315,snp2.10#verse-num-sc336,1,
dhp#315,thig1.5,1,
dhp#315,pdhp#234,,
dhp#315,gdhp#131,,
dhp#315,uv5#5.16-#5.17,,
dhp#316,pdhp#169,,
dhp#316,gdhp#273,,
dhp#316,uv16#16.4,,
dhp#317,pdhp#169,,
dhp#317,gdhp#273,,
dhp#318,pdhp#170,,
dhp#320,pdhp#215,,
dhp#320,gdhp#329,,
dhp#320,uv29#29.21,,
dhp#321,pdhp#90,,
dhp#321,uv19#19.6,,
dhp#321,mnd10#97,,
dhp#321,cnd8#22,,
dhp#322,pdhp#91,,
dhp#322,uv19#19.7,,
dhp#322,gdhp#341,1,
dhp#322,mnd10#98,,
dhp#322,cnd8#23,,
dhp#323,pdhp#92,1,
dhp#323,gdhp#342,1,
dhp#323,mnd10#99,,
dhp#323,cnd8#24,,
dhp#325,thag1.17,,
dhp#325,ne9#9,,
dhp#325,ne37#12,,
dhp#325,uv29#29.13,,
dhp#326,thag1.77,,
dhp#326,thag19.1#verse-num-sc1134,,
dhp#326,uv31#31.5,,
dhp#327,pdhp#24,,
dhp#327,gdhp#132,,
dhp#327,uv4#4.27,,
dhp#327,uv4#4.36,,
dhp#327,mil7.3.8#2,,
dhp#328,mn128#11,,
dhp#328,snp1.3#verse-num-sc45,,
dhp#328,tha-ap2#20,,
dhp#328,ja428#8,,
dhp#328,pi-tv-kd10#44,,
dhp#328,cnd23#134,,
dhp#328,pdhp#9,,
dhp#328,uv14#14.13,,
dhp#328,?skt-mu,,Mūlasarvāstivādivinaya (Gilgit III.ii.185)
dhp#329,mn128#12,,
dhp#329,snp1.3#verse-num-sc46,,
dhp#329,tha-ap2#21,,
dhp#329,ja428#9,,
dhp#329,pi-tv-kd10#45,,
dhp#329,cnd23#140,,
dhp#329,pdhp#10,,
dhp#329,uv14#14.14,,
dhp#329,?skt-mu,,Mūlasarvāstivādivinaya (Gilgit III.ii.185)
dhp#330,mn128#13,,
dhp#330,ja428#10,,
dhp#330,pi-tv-kd10#46,,
dhp#330,pdhp#11,,
dhp#330,uv14#14.16,,
dhp#330,?skt-mu,,Mūlasarvāstivādivinaya (Gilgit III.ii.185)
dhp#331,pdhp#65,,
dhp#331,uv30#30.34,,
dhp#332,pdhp#66,,
dhp#332,uv30#30.21,,
dhp#333,pdhp#67,,
dhp#333,pdhp#82,,
dhp#333,uv30#30.20,,
dhp#334,thag6.5#verse-num-sc399,,
dhp#334,pdhp#137,,
dhp#334,uv3#3.4,,
dhp#334,gdhp#91,1,
dhp#335,thag6.5#verse-num-sc400,,
dhp#335,pdhp#138,,
dhp#335,uv3#3.9,,
dhp#336,thag6.5#verse-num-sc401,,
dhp#336,pdhp#139,,
dhp#336,uv3#3.10,,
dhp#337,thag6.5#verse-num-sc402,,
dhp#337,pv19#17,1,
dhp#337,ja475#12,1,
dhp#337,ja516#45,1,
dhp#337,pdhp#140,1,
dhp#337,uv3#3.11,1,
dhp#337,gdhp#126,1,
dhp#338,ne10#8,,
dhp#338,pdhp#156,,
dhp#338,uv3#3.16,,
dhp#339,thag16.3#verse-num-sc760,1,
dhp#339,pdhp#237,,
dhp#340,thag16.3#verse-num-sc761,1,
dhp#341,pdhp#148,,
dhp#341,uv3#3.5,,
dhp#342,pdhp#149,,
dhp#342,uv3#3.6,,
dhp#343,pdhp#149,1,
dhp#343,uv3#3.6,1,
dhp#344,pdhp#151,,
dhp#344,uv27#27.29,,
dhp#344,gdhp#92,1,
dhp#345,sn3.10#4,,
dhp#345,ja201#1,,
dhp#345,ne9#21,,
dhp#345,ne37#270,,
dhp#345,pe2#19,,
dhp#345,pdhp#143,,
dhp#345,gdhp#169,,
dhp#345,uv2#2.5,,
dhp#346,sn3.10#5,,
dhp#346,ja201#2,,
dhp#346,thag2.34,1,
dhp#346,ne9#23,,
dhp#346,ne37#272,,
dhp#346,pe2#20,,
dhp#346,pdhp#144,,
dhp#346,gdhp#170,,
dhp#346,uv2#2.6,,
dhp#347,thi-ap18#70,,
dhp#347,gdhp#171,,
dhp#348,pdhp#150,,
dhp#348,gdhp#161,,
dhp#348,uv29#29.57,,
dhp#349,pe3#4,,
dhp#349,uv3#3.1,,
dhp#350,uv3#3.2,1,
dhp#350,mil7.4.10#3,,
dhp#352,pdhp#147,,
dhp#353,mn26#48,,
dhp#353,mn85#51,,
dhp#353,pi-tv-kd1#57,,
dhp#353,kv4.8#16,,
dhp#353,uv21#21.1,,
dhp#353,skt-lo-mvu75#169,,
dhp#354,uv26#26.31,,
dhp#355,uv2#2.16,,
dhp#356,pdhp#152,,
dhp#356,uv16#16.16,,
dhp#357,pdhp#153,,
dhp#357,uv16#16.17,,
dhp#358,pdhp#154,,
dhp#358,uv16#16.18,,
dhp#359,pdhp#154,,
dhp#359,uv16#16.21,,
dhp#360,skt-lo-mvu107#39,,
dhp#361,sn3.5#3,,
dhp#361,pe2#179,,
dhp#361,mil7.5.10#6,,
dhp#361,mil5.3.3#2,1,
dhp#361,pdhp#51,,
dhp#361,gdhp#52,,
dhp#361,uv7#7.11,,
dhp#361,skt-lo-mvu107#40,,
dhp#362,pdhp#52,,
dhp#362,gdhp#53,,
dhp#362,uv32#32.7,,
dhp#362,skt-lo-mvu107#38,1,
dhp#363,ja269#3,1,
dhp#363,pdhp#54,,
dhp#363,gdhp#54,,
dhp#363,uv8#8.10,,
dhp#364,iti86#3,,
dhp#364,thag17.3#verse-num-sc1036,,
dhp#364,pdhp#226,,
dhp#364,gdhp#64,,
dhp#364,uv32#32.8,,
dhp#364,skt-lo-mvu107#31,,
dhp#365,pdhp#55,,
dhp#365,gdhp#61,,
dhp#365,uv13#13.8,,
dhp#366,pdhp#56,,
dhp#366,gdhp#62,,
dhp#367,snp4.15#verse-num-sc957,,
dhp#367,mnd15#155,,
dhp#367,gdhp#79,,
dhp#367,uv32#32.17,,
dhp#368,thag1.11,,
dhp#368,pdhp#59,,
dhp#368,gdhp#70,,
dhp#368,uv32#32.21,,
dhp#368,skt-lo-mvu107#27,,
dhp#369,pdhp#57,,
dhp#369,gdhp#76,,
dhp#369,uv26#26.12,,
dhp#369,skt-lo-mvu107#23-#26,,
dhp#370,sn1.5#3,,
dhp#370,thag1.15,,
dhp#370,ne37#391,,
dhp#370,gdhp#78,,
dhp#371,pdhp#33,,
dhp#371,gdhp#75,,
dhp#371,uv31#31.31,1,
dhp#372,pdhp#62,,
dhp#372,gdhp#58,,
dhp#373,pdhp#60,,
dhp#373,gdhp#55,,
dhp#373,uv32#32.9,,
dhp#374,pdhp#61,,
dhp#374,gdhp#56,,
dhp#374,uv32#32.10,,
dhp#375,pdhp#63,,
dhp#375,gdhp#59,,
dhp#375,uv32#32.26,,
dhp#376,sn9.11#3,,
dhp#376,pdhp#64,,
dhp#376,uv32#32.6,,
dhp#376,gdhp#60,1,
dhp#377,pdhp#133,,
dhp#377,gdhp#298,,
dhp#377,uv18#18.11,,
dhp#378,pdhp#53,,
dhp#378,uv32#32.24,,
dhp#379,pdhp#324,,
dhp#380,pdhp#322,,
dhp#380,uv19#19.14,,
dhp#381,thag1.11,,
dhp#382,mn86#27,,
dhp#382,thag16.8#verse-num-sc873,,
dhp#382,thag2.42#verse-num-sc203,1,
dhp#382,uv16#16.7,,
dhp#383,sn2.8#2,1,
dhp#383,sn2.8#9,1,
dhp#383,pdhp#34,,
dhp#383,gdhp#10,,
dhp#383,uv33#33.60,,
dhp#383,t213.33#vagga-gatha-num-sc33.59,,
dhp#383,t212.34#vagga-gatha-num-sc34.61,,
dhp#383,t213.33#vagga-gatha-num-sc33.9,,
dhp#383,t212.12#vagga-gatha-num-sc12.1,,
dhp#383,t212.34#vagga-gatha-num-sc34.10,,
dhp#383,t210.35#vagga-gatha-num-sc35.1,,
dhp#383,t210.34#vagga-gatha-num-sc34.25,,
dhp#384,pdhp#41,,
dhp#384,gdhp#14,,
dhp#384,uv33#33.72,,
dhp#384,t210.35#vagga-gatha-num-sc35.2,,
dhp#384,t213.33#vagga-gatha-num-sc33.12,,
dhp#384,t212.34#vagga-gatha-num-sc34.13,,
dhp#385,pdhp#40,,
dhp#385,gdhp#35,,
dhp#385,uv33#33.24,,
dhp#385,t210.35#vagga-gatha-num-sc35.3,,
dhp#385,t213.33#vagga-gatha-num-sc33.23,,
dhp#385,t212.34#vagga-gatha-num-sc34.25,,
dhp#386,mn98#34,1,
dhp#386,snp3.9#verse-num-sc633,1,
dhp#386,snp5.14#verse-num-sc1112,,
dhp#386,cnd17#1,1,
dhp#386,cnd17#17,1,
dhp#386,cnd2#74,1,
dhp#386,pdhp#49,,
dhp#386,gdhp#48,,
dhp#386,gdhp#25,1,
dhp#386,uv33#33.32,,
dhp#386,t210.35#vagga-gatha-num-sc35.4,,
dhp#387,sn21.11#4,,
dhp#387,sn1.26#2,1,
dhp#387,sn2.4#3,1,
dhp#387,pdhp#39,,
dhp#387,gdhp#50,,
dhp#387,uv33#33.74,,
dhp#387,t210.35#vagga-gatha-num-sc35.5,,
dhp#387,t213.33#vagga-gatha-num-sc33.68,,
dhp#387,t212.34#vagga-gatha-num-sc34.70,,
dhp#388,gdhp#16,,
dhp#388,uv11#11.15,,
dhp#388,t210.35#vagga-gatha-num-sc35.7,,
dhp#388,t213.33#vagga-gatha-num-sc33.13,,
dhp#388,t212.34#vagga-gatha-num-sc34.14,,
dhp#388,t212.12#vagga-gatha-num-sc12.19,1,
dhp#388,uv11#11.15,,
dhp#389,pdhp#46,,
dhp#389,gdhp#11,,
dhp#389,uv33#33.63,,
dhp#389,t212.34#vagga-gatha-num-sc34.63,,
dhp#390,gdhp#15,,
dhp#390,uv33#33.75,,
dhp#390,t213.33#vagga-gatha-num-sc33.69,,
dhp#390,t212.34#vagga-gatha-num-sc34.71,,
dhp#391,iti97#7,1,
dhp#391,ja348#3,1,
dhp#391,ja435#4,1,
dhp#391,ne37#469,,
dhp#391,pdhp#45,,
dhp#391,gdhp#23,,
dhp#391,uv33#33.16,,
dhp#391,t210.35#vagga-gatha-num-sc35.9,,
dhp#391,t213.33#vagga-gatha-num-sc33.16,,
dhp#391,t212.34#vagga-gatha-num-sc34.17,,
dhp#392,pdhp#35,,
dhp#392,uv33#33.66,,
dhp#392,t210.35#vagga-gatha-num-sc35.10,,
dhp#392,t213.33#vagga-gatha-num-sc33.61,,
dhp#392,t212.34#vagga-gatha-num-sc34.64,,
dhp#392,t212.34#vagga-gatha-num-sc34.65,,
dhp#393,ud1.9#4,1,
dhp#393,ne37#243,1,
dhp#393,uv33#33.7,,
dhp#393,t210.35#vagga-gatha-num-sc35.11,,
dhp#393,pdhp#37,1,
dhp#393,gdhp#1,1,
dhp#394,ja138#1,,
dhp#394,ja325#2,,
dhp#394,gdhp#2,,
dhp#394,uv33#33.6,,
dhp#394,t210.35#vagga-gatha-num-sc35.12,,
dhp#394,t212.34#vagga-gatha-num-sc34.7,,
dhp#394,t213.33#vagga-gatha-num-sc33.6,,
dhp#395,gdhp#38,,
dhp#395,t212.34#vagga-gatha-num-sc34.54,,
dhp#395,t213.33#vagga-gatha-num-sc33.6,,
dhp#396,mn98#32,,
dhp#396,snp3.9#verse-num-sc626,,
dhp#396,gdhp#17,,
dhp#396,uv33#33.15,,
dhp#396,t210.35#vagga-gatha-num-sc35.14,,
dhp#396,t213.33#vagga-gatha-num-sc33.15,,
dhp#396,t212.34#vagga-gatha-num-sc34.16,,
dhp#397,mn98#33,,
dhp#397,snp3.9#verse-num-sc627,,
dhp#397,uv33#33.49,,
dhp#397,t210.35#vagga-gatha-num-sc35.15,,
dhp#397,t213.33#vagga-gatha-num-sc33.48,,
dhp#397,t212.34#vagga-gatha-num-sc34.50,,
dhp#398,mn98#34,,
dhp#398,snp3.9#verse-num-sc628,,
dhp#398,gdhp#42,,
dhp#398,uv33#33.58,,
dhp#398,t210.35#vagga-gatha-num-sc35.16,,
dhp#398,t213.33#vagga-gatha-num-sc33.57,,
dhp#398,t212.34#vagga-gatha-num-sc34.60,,
dhp#399,mn98#35,,
dhp#399,snp3.9#verse-num-sc629,,
dhp#399,gdhp#28,,
dhp#399,uv33#33.18,,
dhp#399,t210.35#vagga-gatha-num-sc35.17,,
dhp#399,t213.33#vagga-gatha-num-sc33.17,,
dhp#399,t212.34#vagga-gatha-num-sc34.18,,
dhp#400,mn98#36,,
dhp#400,snp3.9#verse-num-sc630,,
dhp#400,uv33#33.19,,
dhp#400,t210.35#vagga-gatha-num-sc35.18,,
dhp#400,t213.33#vagga-gatha-num-sc33.18,,
dhp#400,t212.34#vagga-gatha-num-sc34.19,,
dhp#401,mn98#37,,
dhp#401,snp3.9#verse-num-sc631,,
dhp#401,pdhp#38,,
dhp#401,gdhp#21,,
dhp#401,uv33#33.30,,
dhp#401,t210.35#vagga-gatha-num-sc35.19,,
dhp#401,t213.33#vagga-gatha-num-sc33.29,,
dhp#401,t212.34#vagga-gatha-num-sc34.31,,
dhp#402,mn98#38,,
dhp#402,snp3.9#verse-num-sc632,,
dhp#402,gdhp#30,,
dhp#402,uv33#33.27,,
dhp#402,t210.35#vagga-gatha-num-sc35.20,,
dhp#402,t213.33#vagga-gatha-num-sc33.26,,
dhp#402,t212.34#vagga-gatha-num-sc34.28,,
dhp#403,mn98#39,,
dhp#403,snp3.9#verse-num-sc633,,
dhp#403,pdhp#48,,
dhp#403,gdhp#49,,
dhp#403,gdhp#25,1,
dhp#403,uv33#33.33,,
dhp#403,t210.35#vagga-gatha-num-sc35.21,,
dhp#403,t213.33#vagga-gatha-num-sc33.33,,
dhp#403,t212.34#vagga-gatha-num-sc34.35,,
dhp#404,mn98#40,,
dhp#404,snp3.9#verse-num-sc634,,
dhp#404,pdhp#44,,
dhp#404,gdhp#32,,
dhp#404,uv33#33.20,,
dhp#404,t210.35#vagga-gatha-num-sc35.22,,
dhp#404,t213.33#vagga-gatha-num-sc33.25,,
dhp#404,t212.34#vagga-gatha-num-sc34.27,,
dhp#404,mil7.4.5#4,,
dhp#405,mn98#41,,
dhp#405,snp3.9#verse-num-sc635,,
dhp#405,gdhp#18,,
dhp#405,uv33#33.36,,
dhp#405,t210.35#vagga-gatha-num-sc35.23,,
dhp#405,t213.33#vagga-gatha-num-sc33.36,,
dhp#405,t212.34#vagga-gatha-num-sc34.38,,
dhp#406,mn98#42,,
dhp#406,snp3.9#verse-num-sc636,,
dhp#406,gdhp#29,,
dhp#406,uv33#33.39,,
dhp#406,t210.35#vagga-gatha-num-sc35.24,,
dhp#406,t213.33#vagga-gatha-num-sc33.32,,
dhp#406,t212.34#vagga-gatha-num-sc34.34,,
dhp#406,t213.33#vagga-gatha-num-sc33.37,,
dhp#406,t212.34#vagga-gatha-num-sc34.39,,
dhp#407,mn98#43,,
dhp#407,snp3.9#verse-num-sc637,,
dhp#407,gdhp#27,,
dhp#407,uv33#33.40,,
dhp#407,t210.35#vagga-gatha-num-sc35.25,,
dhp#407,t213.33#vagga-gatha-num-sc33.39,,
dhp#407,t212.34#vagga-gatha-num-sc34.41,,
dhp#408,mn98#44,,
dhp#408,snp3.9#verse-num-sc638,,
dhp#408,pdhp#43,,
dhp#408,gdhp#22,,
dhp#408,uv33#33.17,,
dhp#409,mn98#45,,
dhp#409,snp3.9#verse-num-sc639,,
dhp#409,gdhp#19,,
dhp#409,uv33#33.25,,
dhp#409,t210.35#vagga-gatha-num-sc35.27,,
dhp#409,t213.33#vagga-gatha-num-sc33.19,,
dhp#409,t212.34#vagga-gatha-num-sc34.20,,
dhp#410,mn98#46,,
dhp#410,snp3.9#verse-num-sc640,,
dhp#410,uv33#33.43,,
dhp#410,t213.33#vagga-gatha-num-sc33.42,,
dhp#410,t212.34#vagga-gatha-num-sc34.44,,
dhp#411,mn98#47,,
dhp#411,snp3.9#verse-num-sc641,,
dhp#411,uv33#33.54,,
dhp#411,t213.33#vagga-gatha-num-sc33.53,,
dhp#411,t212.34#vagga-gatha-num-sc34.56,,
dhp#412,mn98#48,,
dhp#412,snp3.9#verse-num-sc642,,
dhp#412,gdhp#46,,
dhp#412,uv33#33.29,1,
dhp#412,t210.35#vagga-gatha-num-sc35.30,,
dhp#412,t213.33#vagga-gatha-num-sc33.27,,
dhp#412,t212.34#vagga-gatha-num-sc34.29,,
dhp#412,uv33#33.22,,
dhp#412,uv33#33.28,,
dhp#413,mn98#49,,
dhp#413,snp3.9#verse-num-sc643,,
dhp#413,uv33#33.31C,,
dhp#413,t210.35#vagga-gatha-num-sc35.31,,
dhp#413,t213.33#vagga-gatha-num-sc33.30,,
dhp#413,t212.34#vagga-gatha-num-sc34.32,,
dhp#413,gdhp#36,1,
dhp#414,mn98#50,,
dhp#414,snp3.9#verse-num-sc644,,
dhp#414,uv33#33.41,,
dhp#414,t210.35#vagga-gatha-num-sc35.32,,
dhp#414,t213.33#vagga-gatha-num-sc33.8,,
dhp#414,t212.34#vagga-gatha-num-sc34.9,,
dhp#414,t213.33#vagga-gatha-num-sc33.40,,
dhp#414,t212.34#vagga-gatha-num-sc34.42,,
dhp#415,mn98#51,,
dhp#415,snp3.9#verse-num-sc645,,
dhp#415,gdhp#20,,
dhp#415,uv33#33.35,,
dhp#415,t213.33#vagga-gatha-num-sc33.35,,
dhp#415,t212.34#vagga-gatha-num-sc34.37,,
dhp#416,mn98#52,,
dhp#416,snp3.9#verse-num-sc646,,
dhp#416,uv33#33.42,1,
dhp#416,t210.35#vagga-gatha-num-sc35.33,,
dhp#416,t213.33#vagga-gatha-num-sc33.22,,
dhp#416,t212.34#vagga-gatha-num-sc34.24,,
dhp#417,mn98#53,,
dhp#417,snp3.9#verse-num-sc647,,
dhp#417,uv33#33.45,,
dhp#417,t210.35#vagga-gatha-num-sc35.34,,
dhp#418,mn98#54,,
dhp#418,snp3.9#verse-num-sc648,,
dhp#418,uv33#33.44,,
dhp#418,t210.35#vagga-gatha-num-sc35.35,,
dhp#419,mn98#55,,
dhp#419,snp3.9#verse-num-sc649,,
dhp#419,gdhp#44,,
dhp#419,uv33#33.48,,
dhp#419,t213.33#vagga-gatha-num-sc33.47,,
dhp#419,t212.34#vagga-gatha-num-sc34.49,,
dhp#420,mn98#56,,
dhp#420,snp3.9#verse-num-sc650,,
dhp#420,gdhp#43,,
dhp#420,gdhp#26,1,
dhp#420,uv33#33.46,,
dhp#420,t210.35#vagga-gatha-num-sc35.37,,
dhp#420,t213.33#vagga-gatha-num-sc33.43,,
dhp#420,t212.34#vagga-gatha-num-sc34.45,,
dhp#421,mn98#57,,
dhp#421,snp3.9#verse-num-sc651,,
dhp#421,gdhp#34,,
dhp#421,uv33#33.29A,,
dhp#421,t213.33#vagga-gatha-num-sc33.38,,
dhp#421,t212.34#vagga-gatha-num-sc34.28,,
dhp#421,t210.35#vagga-gatha-num-sc35.38,,
dhp#422,mn98#58,,
dhp#422,snp3.9#verse-num-sc652,,
dhp#422,gdhp#41,,
dhp#422,uv33#33.50,,
dhp#422,t210.35#vagga-gatha-num-sc35.39,,
dhp#422,t213.33#vagga-gatha-num-sc33.49,,
dhp#422,t212.34#vagga-gatha-num-sc34.51,,
dhp#423,mn98#59,,
dhp#423,mn91#64,,
dhp#423,snp3.9#verse-num-sc653,,
dhp#423,uv33#33.47,,
dhp#423,t210.35#vagga-gatha-num-sc35.40,,
dhp#423,t213.33#vagga-gatha-num-sc33.45,,
dhp#423,t212.34#vagga-gatha-num-sc34.47,,
dhp#423,gdhp#5,1,
dhp#423,an3.58#11,,
dhp#423,iti99#6,,
t213.33#vagga-gatha-num-sc33.5,t212.34#vagga-gatha-num-sc34.6,,
uv33#33.10,t210.35#vagga-gatha-num-sc35.6,,
uv33#33.10,t213.33#vagga-gatha-num-sc33.11,,
uv33#33.10,t212.34#vagga-gatha-num-sc34.12,,
uv33#33.11,t213.33#vagga-gatha-num-sc33.10,,
uv33#33.11,t212.34#vagga-gatha-num-sc34.11,,
uv33#33.14,t213.33#vagga-gatha-num-sc33.14,,
uv33#33.14,t212.34#vagga-gatha-num-sc34.15,,
t210.35#vagga-gatha-num-sc35.26,t213.33#vagga-gatha-num-sc33.54,,
t210.35#vagga-gatha-num-sc35.26,t212.34#vagga-gatha-num-sc34.57,,
uv33#33.21,t212.34#vagga-gatha-num-sc34.23,,
t213.33#vagga-gatha-num-sc33.21,t212.34#vagga-gatha-num-sc34.22,,
t213.33#vagga-gatha-num-sc33.20,t212.34#vagga-gatha-num-sc34.21,,
t213.33#vagga-gatha-num-sc33.28,t212.34#vagga-gatha-num-sc34.30,,
uv33#33.26,t213.33#vagga-gatha-num-sc33.24,,
uv33#33.26,t212.34#vagga-gatha-num-sc34.26,,
uv33#33.34,t213.33#vagga-gatha-num-sc33.34,,
uv33#33.34,t212.34#vagga-gatha-num-sc34.36,,
uv33#33.37,t213.33#vagga-gatha-num-sc33.31,,
uv33#33.37,t212.34#vagga-gatha-num-sc34.33,,
t213.33#vagga-gatha-num-sc33.41,t212.34#vagga-gatha-num-sc34.43,,
t213.33#vagga-gatha-num-sc33.46,t212.34#vagga-gatha-num-sc34.48,,
uv33#33.51,t213.33#vagga-gatha-num-sc33.50,,
uv33#33.51,t212.34#vagga-gatha-num-sc34.52,,
uv33#33.52,t212.34#vagga-gatha-num-sc34.53,,
t210.35#vagga-gatha-num-sc35.13,t213.33#vagga-gatha-num-sc33.7,,
t210.35#vagga-gatha-num-sc35.13,t212.34#vagga-gatha-num-sc34.8,,
t213.33#vagga-gatha-num-sc33.52,t212.34#vagga-gatha-num-sc34.55,,
t210.35#vagga-gatha-num-sc35.29,t213.33#vagga-gatha-num-sc33.2,,
t210.35#vagga-gatha-num-sc35.29,t212.34#vagga-gatha-num-sc34.2,,
t210.35#vagga-gatha-num-sc35.28,t213.33#vagga-gatha-num-sc33.3,,
t210.35#vagga-gatha-num-sc35.28,t212.34#vagga-gatha-num-sc34.4,,
uv33#33.57,t213.33#vagga-gatha-num-sc33.56,,
uv33#33.57,t212.34#vagga-gatha-num-sc34.59,,
uv33#33.59,t213.33#vagga-gatha-num-sc33.58,,
uv33#33.59,t212.34#vagga-gatha-num-sc34.61,,
uv33#33.68,t213.33#vagga-gatha-num-sc33.66,,
uv33#33.68,t212.34#vagga-gatha-num-sc34.68,,
uv33#33.69,t213.33#vagga-gatha-num-sc33.63,,
uv33#33.69,t212.34#vagga-gatha-num-sc34.67,,
uv33#33.70,t213.33#vagga-gatha-num-sc33.65,,
uv33#33.70,t212.34#vagga-gatha-num-sc34.67B,,
uv33#33.71,t213.33#vagga-gatha-num-sc33.62,,
uv33#33.71,t212.34#vagga-gatha-num-sc34.66,,
t213.33#vagga-gatha-num-sc33.64,t212.34#vagga-gatha-num-sc34.67A,,
t213.33#vagga-gatha-num-sc33.67,t212.34#vagga-gatha-num-sc34.69,,
uv33#33.76,t213.33#vagga-gatha-num-sc33.70,,
uv33#33.76,t212.34#vagga-gatha-num-sc34.72,,
uv33#33.78,t210.35#vagga-gatha-num-sc35.8,,
uv33#33.78,t213.33#vagga-gatha-num-sc33.4,,
uv33#33.78,t212.34#vagga-gatha-num-sc34.5,,
uv33#33.80,t213.33#vagga-gatha-num-sc33.70,,
uv33#33.80,t212.34#vagga-gatha-num-sc34.72,,
uv33#33.81,t213.33#vagga-gatha-num-sc33.71,,
uv33#33.81,t212.34#vagga-gatha-num-sc34.74,,
uv33#33.83,t213.33#vagga-gatha-num-sc33.72,,
uv33#33.83,t212.34#vagga-gatha-num-sc34.75,,
zzstop,,,