sutta_uid,other_sutta_uid,partial,footnote
dn1,da21,,
dn1,t21,,
dn1,up3.050,,
dn1,tib110,,
dn1,sf41,,
dn1,sf48,,
dn1,sht16,,Identified in <span class='author'>Wille</span> 2005:6.
dn2,da27,,
dn2,t22,,
dn2,sa154-163,1,
dn2,ea43.7,,
dn2,t1442.13,1,
dn2,t1444.1,1,
dn2,t1450.10,1,
dn2,dq70,,
dn2,sbv80,,
dn2,sf1,,
dn2,sht58,,Identified in <span class='author'>Wille</span> 2005:9.
dn2,sf288,,
dn3,da20,,
dn3,t20,,
dn3,dq40,,
dn3,dq85,,
dn3,sf43,,
dn3,sht26,,
dn4,da22,,
dn4,sf42,,
dn4,sht56,,
dn5,da23,,
dn5,sf52,,
dn5,sht30,,Identified in <span class='author'>Wille</span> 2005:7.
dn6,dn7,1,
dn6,sht19,,
dn8,da25,,
dn8,sf51,,
dn8,sht50,,
dn8,sf295,,
dn9,da28,,
dn9,sf59,,
dn9,sf297,,
dn10,sf65,,
dn10,sht59,,
dn11,da24,,
dn11,up2.027,,
dn11,up7.025,,
dn11,sht81,,
dn12,da29,,
dn12,sht20,,
dn13,da26,,
dn14,da1,,
dn14,t2,,
dn14,t3,,
dn14,t4,,
dn14,ea48.4,,
dn14,sf28,,
dn14,sf29,,
dn14,sf30,,
dn14,sf31,,
dn14,sf32,,
dn14,sf33,,
dn14,sf34,,
dn14,sf36,,
dn14,sf56,,
dn14,sht1,,SHT iv 165.41 is identified in SHT viii p. 169. | SHT vi 1592 is identified in SHT viii p. 209.
dn14,sf250,,
dn14,sf296,,
dn14,uf10,,
dn15,da13,,
dn15,t14,,
dn15,ma97,,
dn15,t52,,
dn15,sf138,,
dn15,sht23,,
dn15,sf240,,
dn16,sn51.10,1,Correspondence reference is SN v 259.
an2.48,sf122,,
dn16,an4.180,1,Corresponding section is DN ii 123–126.
an2.130-133,sf113,,
an2.10,sf116,,
dn16,an7.22-27,1,"PTS (Ee) counts these suttas as 7.20–25; Be, Ce enumeration used here. Correspondence reference is DN ii 72–80."
dn16,an8.68-70,1,
an1.314-315,an10.104,1,
dn16,ud6.1,1,
dn16,ud8.5,1,
dn16,ud8.6,1,
dn16,da2,,"Correspondence reference is T i 011a06–021b08, 024b26–030b05."
dn16,t5,,"Correspondence reference is T i 160b04–169c13, 171a26–175c21."
dn16,t6,,"Correspondence reference is T i 176a01–185b12, 186c16–191a28."
dn16,t7,,"Correspondence reference is T i 191b01–200c21, 203a21–207c12."
dn16,t1451.35,,
sa971,sf83,1,
dn16,avs40,,
sa-2.203,sf81,1,
dn16,avs100,,
dn16,sf54,,
dn16,sht5,,SHT i 184 is identified as not being a parallel to DN 16 in SHT viii p. 172. | SHT iv 412.62 is identified in SHT viii p. 174.
dn16,sf245.1.1-33.3,,
dn16,sf268,,
dn16,sf272,,
dn16,sf285,,
dn16,sf289,,
dn16,gf20,,
dn17,da2,1,Correspondence reference is T i 021b08–024b26.
dn17,t5,1,Correspondence reference is T i 169c13–171a25.
dn17,t6,1,Correspondence reference is T i 185b13–186c15.
dn17,t7,1,Correspondence reference is T i 200c21–203a20.
dn17,ma68,,
dn17,t1451.37,1,
dn17,sf102,,
dn17,sf245.34.1-169,,
dn18,da4,,
dn18,t9,,
dn18,sht37,,
dn19,da3,,
dn19,t8,,
dn19,sf39,,
dn19,sf53,,
dn19,sf144,,
dn19,sht38,,
dn19,sf292,,
dn20,da19,,
dn20,t19,,
dn20,sa1192,,
dn20,sa-2.105,,
dn20,tib90,,
dn20,sf55,,
dn20,sf108,,
dn20,sf140,,
dn20,sht8,,
dn20,sf242,,
dn20,sf282,,
dn21,da14,,
dn21,t15,,
dn21,ma134,,
dn21,t203.73,,
dn21,sf139,,
dn21,sht54,,Identified in <span class='author'>Wille</span> 2005:8.
dn21,sf241,,
dn22,mn10,,
dn22,mn119,1,
dn22,mn141,1,Correspondence reference in DN 22 is DN ii 305.
dn22,ma31,1,
dn22,ma98,,
dn22,t32,1,
dn22,ea12.1,,
dn23,da7,,
dn23,ma71,,
dn23,t45,,
dn23,pf10,,This text is from the Jaina canon.
dn24,da15,,
dn24,sf46,,
dn24,sht32,,Identified in SHT ix p. 379.
dn24,sf298,,
dn25,da8,,
dn25,t11,,
dn25,ma104,,
dn26,da6,,
dn26,ma70,,
dn26,sht62,,
dn27,da5,,
dn27,t10,,
dn27,ma154,,
dn27,ea40.1,,
dn27,up3.104,,
dn27,sht65,,
dn27,sf277,,
dn28,da18,,
dn28,t18,,
dn28,sa498,,
dn28,sf61,,
dn28,sht83,,
dn29,da17,,
dn29,sf58,,
dn29,sht39,,Identified in SHT viii p. 169.
dn30,ma59,1,
dn31,da16,,
dn31,t16,,
dn31,t17,,
dn31,ma135,,
dn31,sf100,,
dn31,sht43,,
dn32,t1245,,
dn32,tib100,,
dn32,sf45,,
dn32,sf71,,
dn32,sf77,,
dn32,sf103,,
dn32,sf143,,
dn32,sht6,,Identified in SHT viii p. 198.
dn32,sf269,,
dn33,dn34,1,
dn33,da9,,
dn33,t12,,
dn33,sf62,,
dn33,sf70,,
dn33,sht10,,Identified in <span class='author'>Wille</span> 2005:9.
dn33,sf149,,
dn33,sf176,,
dn33,sf253,,
dn33,sf291,,
dn34,da10,,
dn34,da11,1,
dn34,t13,,
dn34,sf50,,
dn34,sf107,,
dn34,sf129,,
dn34,sf131,,
dn34,sf145,,
dn34,sht22,,Identified in <span class='author'>Wille</span> 2005:7.
dn34,sf175,,
dn34,sf290,,
mn1,ma106,1,"MA 106 and T 56 are only partial parallels for MN 1, as they differ from it in several respects. Whereas MN 1 discusses worldling, disciple in higher training, <i>arahant</i>, and <i>tathāgata</i>, MA 106 and T 56 discuss two types of recluses and Brahmins and the Buddha. They name a different location for the discourse and differ from MN 1 in not discussing Nibbāna, and in not concluding with the monks failing to delight in the exposition. In contrast, EA 44.6 agrees with MN 1 on the above points."
mn1,t56,1,
mn1,ea44.6,,
mn2,an6.58,,
mn2,ma10,,
mn2,t31,,
mn2,ea40.6,,
mn2,up2.069,,
mn3,ma88,,
mn3,ea18.3,,
mn4,ea31.1,,
mn4,sht3,,Identified by <span class='author'>Schlingloff</span> 1967: 421.
mn5,ma87,,
mn5,t49,,
mn5,ea25.6,,
mn6,an10.71,,
mn6,ma105,,
mn7,ma93,,
mn7,t51,,
mn7,sa1185,1,
mn7,sa-2.98,1,
mn7,ea13.5,,
mn8,ma91,,
mn9,ma29,,<span class='author'>Akanuma</span> p. 163 lists EA 49.5 at T ii 797b as a partial parallel. EA 49.5 reports the Buddha giving a detailed explanation of the twelve links of <i>paṭ­iccasamuppada</i> and correcting Ānanda’s lack of appreciation of its profundity. It finds its closest parallel in SN 12.2 at SN ii 2 as regards the exposition of <i>paṭ­iccasamuppada</i>; and it has Ānanda’s underestimation of the profundity of <i>paṭ­iccasamuppada</i> in common with DN 15 at DN ii 55 and SN 12.60 at SN ii 92.
mn9,sa344,,
mn9,sf172,,
mn10,mn119,1,
mn10,sht11,,Identified in SHT vii p. 286.
mn11,ma103,,
mn11,ea27.2,,
mn12,sn12.21-22,1,
mn12,sn52.15-24,1,
an2.49,sf117,,
mn12,t13,1,Correspondence reference is T i 241b.
mn12,sa612,1,
mn12,sa684,1,
mn12,sa701,1,
mn12,ea27.6,1,
mn12,ea31.8,1,
mn12,ea46.4,1,
mn12,ea50.6,1,
mn12,t757.1,,
mn12,t780b,1,
mn12,t781,1,
mn12,t802,1,
mn12,sf60,,
mn12,sf91,,
mn12,sf96,,
mn12,sf142,,
mn12,sht36,,
mn12,sf244,,
mn12,sf262,,
mn13,ma99,,
mn13,t53,,
mn13,ea21.9,,
mn14,ma100,,
mn14,t54,,
mn14,t55,,
mn14,ea41.1,1,"EA 41.1 is only a partial parallel, as its first part instead parallels SN 55.21 at SN v 369, another meeting between the Buddha and Mahānāma."
mn15,ma89,,
mn15,t50,,
mn16,an5.205-206,,
mn16,an9.71-72,1,
mn16,an10.14,,
mn16,ma206,,
mn16,ea51.4,,
mn17,ma107-108,,
mn17,ea45.3,1,
mn17,sht73,,
mn18,ma115,,
mn18,ea40.10,,
mn19,ma102,,
mn20,ma101,,
mn21,ma193,,
mn21,ea50.8,1,"EA 50.8 is only a partial parallel to MN 21. Its first part agrees with MN 21 in having the monk Moliyaphagguna (~茂羅破群) associating excessively with nuns. The remainder of EA 50.8 agrees rather with MN 22, as in EA 50.8 the claim that sensuality is no obstacle to progress is made by Moliyaphagguna, while in MN 22 it is made by another monk, Ariṭṭha. EA 50.8 thereafter agrees with MN 22 in having the Buddha correct this mistaken view and deliver the snake simile. We therefore list EA 50.8 as a partial parallel to both MN 21 and MN 22."
mn22,ma200,,
mn22,ea43.5,1,
mn22,ea50.8,1,
mn22,t1421.8a,1,
mn22,t1425.17b,1,
mn22,t1428.17,1,
mn22,t1435.15,1,
mn22,t1442.39,1,
mn22,up8.029,1,
mn23,t95,,
mn23,sa1079,,
mn23,sa-2.18,,
mn23,ea39.9,,
mn24,ma9,,
mn24,ea39.10,,
mn24,sht14,,Identified in SHT viii p. 201.
mn25,ma178,,
mn26,ma204,,
mn26,ea19.1,1,
mn26,ea24.5,1,
mn26,t765.3,1,"For T 765 <span class='author'>Akanuma</span> p. 164 gives the location as T 765 at T xvii 67a, which seems to be a typing error."
mn26,t1421.15b,1,
mn26,t1428.31,1,
mn26,t1450.5,1,
mn26,lal16,,"In addition to the Chinese counterparts to the Lalitavistara and the Saṅghabhedavastu, T 186 at T iii 527a, T 187 at T iii 603a, and T 191 at T iii 952c, several other Buddha biographies parallel some of the events described in MN 26; e.g. T 188 at T iii 620b, T 189 at T iii 642c, T 190 at T iii 806a, T 196 at T iv 147c. | New edition <span class='author'>Vaidya</span> 1958b."
mn26,mvu20,,
sa-2.201,sf79,1,
mn26,sbv30,,
mn26,sht60,,
mn26,sf259,,
mn27,ma146,,
mn28,ma30,,
mn29,ea43.4,,
mn30,ea43.4,1,"<span class='author'>Akanuma</span> p. 165 lists no parallel. The main content of MN 30 is similar to that of MN 29; consequently EA 43.4, the parallel to MN 29, is also a partial parallel to MN 30."
mn31,ma185,,
mn31,ea24.8,1,
mn32,ma184,,
mn32,ea37.3,,
mn32,t154.16,,
mn32,sht63,,
mn33,an11.17,,
mn33,sa1249,,
mn33,t123,,
mn33,ea49.1,,
mn33,t1509.2,,
mn34,sa1248,,
mn34,ea43.6,,
mn34,sht74,,
mn35,sa110,,
mn35,ea37.10,,
mn35,sht34,,Identified in SHT vii p. 273.
mn36,mn85,1,Correspondence reference is MN ii 93.
mn36,mn100,1,Correspondence reference is MN ii 212.
mn36,ea31.8,1,
mn36,t757.2,1,
sa-2.202,sf80,1,
mn36,divy27,,
mn36,lal17a,,"The events described in MN 36 are treated in several Chinese Buddha biographies; e.g., the first <i>jhāna</i> experience of the bodhisatta can be found in the Chinese counterparts to the Lalitavistara and the Saṅghabhedavastu, T 186 at T iii 499b, T 187 at T iii 560b, and T 191 at T iii 944b, and also in such accounts as are found in T 184 at T iii 467b, T 185 at T iii 475b, T 188 at T iii 619b, T 189 at T iii 629a, T 190 at T iii 706a, T 192 at T iv 8c, and T 193 at T iv 66b; cf. also the Divyāvadāna in <span class='author'>Cowell</span> 1886 p. 391. | New edition <span class='author'>Vaidya</span> 1958b."
mn36,mvu30,,
sa967,sf79,1,
mn36,sbv10,,
mn36,sf5,,
mn36,sf64,,
mn36,sht28,,
mn36,sf287,,
mn37,sa505,,
mn37,ea19.3,,
mn38,ma201,,
mn38,ea21.3,1,
mn38,sht48,,
mn39,ma182,,
mn39,ea49.8,,
mn39,sht9,,Identified in SHT iv p. 335.
mn40,ma183,,
mn41,mn42,,
mn41,sa1042,,
mn41,sa1043,,
mn43,ma211,,"<span class='author'>Akanuma</span> p. 165 lists SA 251 at T ii 060b as another parallel. However, SA 251 should rather be reckoned as a parallel to SN 22.127–132 at SN iii 172, since it agrees with them in having Mahakoṭṭhita ask Sāriputta only about the implications of ignorance and its opposite, not about the whole range of topics treated in MN 43 and MA 211."
mn43,up3.064,1,
mn43,up9.008,1,
mn44,ma210,,
mn44,up1.005,1,
mn45,ma174,,
mn46,ma175,,
mn46,t83,,
mn47,ma186,,
mn49,ma78,,
mn49,up3.101,1,
mn50,ma131,,
mn50,t66,,
mn50,t67,,
mn50,sht42,,
mn50,sf279,,
mn51,sht7,,
mn52,an11.16,,
mn52,ma217,,
mn52,t92,,
mn54,ma203,,
mn54,sht61,,
mn55,sht76,,
mn56,ma133,,
mn56,up4.096,1,
mn56,sf72,,
mn56,sf97,,
mn56,sf109,,
mn56,sht17,,
mn56,sf281,,
mn56,sf286,,
mn57,t1536.7e,1,
mn58,t1509.35,1,
mn58,t1521.11,1,
mn59,sn36.19,,
mn59,sa485,,
mn59,sht12,,
mn60,sf44,,
mn60,sht29,,SHT iii 966 is identified in SHT vii p. 272. | SHT iv 165.32+37 is identified in SHT vi p. 212.
mn60,sf293,,
mn61,ma14,,
mn61,t211.31,,
mn61,t212.14,,
mn61,t1442.24,,
mn61,t1509.13,1,
mn61,dq80,,
mn61,sht49,,
mn62,ea17.1,,
mn63,ma221,,
mn63,t94,,
mn63,t1509.15,,
mn64,ma205,,
mn64,up?.???,1,
mn64,sht57,,
mn65,ma194,,
mn65,ea49.7,1,
mn65,t1425.17a,1,
mn65,sht15,,
mn66,ma192,,
mn66,ea49.7,1,"EA 49.7 is a partial parallel to M 65, as <span class='author'>Akanuma</span> p. 167 indicates. After reporting the Buddha’s instruction to Bhaddali ~(跋提婆羅) about taking only a single meal, EA 49.7 describes how Udayi (~優陀夷) once went begging at night and so startled a pregnant woman that she miscarried, a tale related also in MN 66 and MA 192. In EA 49.7 the Buddha comes to hear of this and addresses the monks on the benefit of taking a single meal, after which EA 49.7 returns to the events relating to Bhaddali. We therefore reckon EA 49.7 as a partial parallel to both MN 65 and MN 66."
mn66,t1421.8b,1,
mn66,t1428.14,1,
mn67,ea45.2,,
mn67,t137,,
mn68,ma77,,
mn69,ma26,,
mn70,ma195,,
mn72,sa962,,
mn72,sa-2.196,,
mn72,up3.057,1,
mn73,sa964,,
mn73,sa-2.198,,
mn74,sa969,,
mn74,sa-2.203,,
mn74,t200.90,,
mn74,t1509.1a,,
mn74,t1545.98,,
mn74,tib20,,
mn74,tib30,,
sa970,sf82,1,
mn74,avs99,,
mn74,sf81,1,
mn74,sf133,,New edition Hosoda 1989b.
mn75,ma153,,
mn76,sht27,,"<span class='author'>Akanuma</span> p. 167 lists SA 973 at T ii 251b and SA2 207 at T ii 451a as partial parallels to MN 76. These two discourses, in which Ānanda discusses the need to overcome lust, anger, and delusion and points to the noble eightfold path as the means to achieve this, are rather parallels to AN 3.71 at AN i 215. <span class='author'>Hartmann</span> 1992: 47 notes that a so far unpublished fragment parallel to MN 76 at MN i 513,13–514,26 can be found in the Hoernle collection. | SHT iii 886 is identified in SHT viii p. 183."
mn76,sf294,,
mn77,ma207,,
mn78,ma179,,
mn79,ma208,,
mn80,ma209,,
mn80,t90,,
mn81,ma63,,
mn81,t197.10,,
mn81,dq10,,
mn81,mvu10,,
an10.96,sf79,1,
mn81,sbv70,,
mn82,tha-ap20,1,
mn82,ma132,,
mn82,t68,,
mn82,t69,,
mn82,t199.18a,1,
mn82,t199.18b,1,
mn82,t1507.4,1,
mn82,dq60,,
mn82,tib10,,
sa-2.204,sf82,1,
mn82,avs90,,
mn82,sf101,,
mn82,sht18,,
mn82,sf283,,
mn83,ja9,,
mn83,ja541,,
mn83,ma67,,
mn83,ea1.1,1,
mn83,ea50.4,,
mn83,t152.87,,
mn83,t211.38,,
mn83,t744,1,
mn83,dq30,,
mn83,up2.050,,
mn84,sa548,,
mn85,mn100,1,"Correspondence reference for MN 85 is MN ii 93, and for MN 100, MN ii 212."
mn85,bodhirajakumaraka,1,
mn85,t1421.10,,
mn85,sf5,,
mn85,sf47,,
mn85,sf68,,
mn85,sht33,,Folio 35 identified in SHT viii p. 162.
mn86,sa1077,,The events related in MN 86 recur in T 120 at T ii 512b (as recognised by <span class='author'>Akanuma</span> p. 168) and in Derge 213 at mdo sde tsha (57): 126a. Both of these are Mahayana discourses of the <i>tathāgatagarbha</i> type and therefore fall outside the scope of our presentation.
mn86,sa-2.16,,
mn86,t118,,
mn86,t119,,
mn86,ea38.6,,
mn86,t200.99,,
mn86,t212.17,,
mn86,tib50,1,
mn86,sf19,,
mn86,sf66,,
mn86,sht2,,SHT vi 1561 is identified by <span class='author'>Hartmann</span> 1998: 356 note 18.
mn87,ma216,,
mn87,t91,,
mn87,ea13.3,,
mn87,t154.15,,
mn88,ma214,,
mn89,an10.30,,
mn89,ma213,,
mn89,ea38.10,,
mn89,t1451.8,,
mn89,dq90,,
mn90,ma212,,
mn90,dq50,,
mn91,ma161,,
mn91,t76,,
mn91,sht53,,
mn92,snp3.7,,
mn92,ea49.6,,
mn92,t1428.42b,,
mn92,sf12,,
mn93,ma151,,
mn93,t71,,
mn93,ea40.9,1,
mn94,sht64,1,
mn95,sf7,,
mn95,sf49,,
mn95,sf67,,
mn95,sht25,,Identified in SHT vii p. 274.
mn96,ma150,,
mn97,ma27,,
mn98,snp3.9,,
mn99,ma152,,<span class='author'>Akanuma</span> p. 168 lists T 79 at T i 888b as a parallel to MN 99. Inspection reveals that T 79 is rather a parallel to MN 135.
mn100,sf63,,
mn100,sht40,,SHT iv 33.28–29+30 is identified in SHT ix p. 369. | SHT iv 180.3–4+6 is identified in SHT ix p. 392.
mn101,ma19,,
mn102,tib80,,
mn102,sf57,,
mn102,sht24,,
mn104,ma196,,
mn104,t85,,
mn105,sht35,,
mn106,ma75,,
mn107,ma144,,
mn107,t70,,
mn108,ma145,,
mn109,sn22.82,,
mn109,sa58,,
mn109,up7.006,,
mn112,ma187,,
mn113,ma85,,
mn113,t48,,
mn113,ea17.9,,
mn114,an9.6,1,
mn114,an10.54,1,Corresponding sections are MN iii 58–59 and AN v 100.
mn114,ma109,1,Correspondence reference is T i 598c.
mn115,an1.268-277,1,
mn115,ma181,,
mn115,t776,,
mn115,t1509.24a,1,
mn115,t1537.10,,
mn115,dq110,,
mn115,up1.032,,
mn116,ea38.7,,<span class='author'>Akanuma</span> p. 169 draws attention to a passage in the Mahāvastu (<span class='author'>Senart</span> 1882 p. 357). This passage describes the self–cremation of <i>paccekabuddhas</i> on being told that the bodhisatta was about to take birth and thus is not a parallel to MN 116.
mn117,ma189,,
mn117,up6.080,,
mn117,sht51,,
mn118,sn54.13-16,1,
mn118,sa803,1,
mn118,sa810-812,1,
mn118,sa815,,"<span class='author'>Akanuma</span> p. 169 lists T 96. Examination shows that this discourse bears no resemblance to MN 118, apart from a single introductory sentence that links mindfulness of breathing to the attainment of knowledge and liberation."
mn118,sht84,,
mn119,ma81,,
mn120,ma168,1,"<span class='author'>Akanuma</span> p. 169 lists A iv. 123, 124 as parallel(s). Neither AN 4.123–124 at AN ii 126 nor AN 7.66 at AN iv 123–124 bears any resemblance to MN 120. He also lists MA 168 as a full parallel, yet  examination shows that this discourse differs in so many respects from MN 120 that it is probably best reckoned as a partial parallel. A so far unpublished Gandharī fragment, Senior manuscript 10, parallels part of MN 120 (Mark Allon, private communication)."
mn121,ma190,,
mn121,tib60,,
mn122,ma191,,
mn122,tib70,,
mn123,ma32,,"Several of the \""wonderful and marvellous\"" qualities of the Buddha treated in MN 123 recur in various Buddha biographies. Thus, e.g., his taking of a series of steps and making a proclamation right after being born can be found in the Saṅghabhedavastu in <span class='author'>Gnoli</span> 1977 p. 45, the Buddhacarita in <span class='author'>Johnston</span> 1995 p. 2, the Lalitavistara in <span class='author'>Lefmann</span> 1902 p. 85 or <span class='author'>Vaidya</span> 1958b p. 62, the Mahāvastu in <span class='author'>Senart</span> 1890 p. 24 or <span class='author'>Basak</span> 1965 p. 33, and in several Chinese accounts such as T 184 at T iii 463c, T 185 at T iii 473c, T 188 at T iii 618a, T 189 at T iii 625a."
mn124,ma34,,
mn125,ma198,,
mn126,ma173,,
mn126,sht80,,Identified by <span class='author'>Skilling</span> 2001: 249.
mn127,ma79,,
mn128,ja371,1,
mn128,ja428,1,
mn128,kosambakavivadakatha,1,
mn128,ma72,,
mn128,ea24.8,1,
mn128,t212.15,1,
mn128,t1421.24,1,
mn128,t1425.13,1,
mn128,t1428.43,1,
mn128,sf13,,
mn128,sht75,,
mn129,ma199,,
mn129,t86,1,
mn129,up2.033,1,
sa968,sf80,1,
mn129,divy26,,
mn130,an3.36,,
mn130,da30,1,"Correspondence reference is DA 30.4, T i 126b09–127a26."
mn130,t24,1,Correspondence reference is T i 330c18–332b9.
mn130,t25,1,Correspondence reference is T i 365a15–387b6.
mn130,ma64,,
mn130,t42,,
mn130,t43,,
mn130,t86,,
mn130,ea32.4,,
mn130,t212.9,1,Correspondence reference is T iv 668a04–669b10.
mn130,t741,1,
mn131,sht21,,
mn132,ma167,,
mn132,sf106,,
mn133,ma165,,
mn133,t1362,1,
mn133,dq120,1,
mn133,dq140,1,
mn133,dq150,1,
mn134,ma166,,
mn134,t77,,
mn135,ma170,,"The Karmavibhaṅga sections preserved in the Kutchean fragment in <span class='author'>Lévi</span> 1933 (cf. also <span class='author'>Sieg</span> 1938), and in the Sogdian fragment in <span class='author'>Rosenberg</span> 1920, do not parallel MN 135."
mn135,t78,,
mn135,t79,,
mn135,t80,,
mn135,t81,,
mn135,t755,,
mn135,dq130,,
mn135,tib40,,
mn135,sf76,,
mn135,sf85,,
mn135,sf87,,
mn135,sf88,,
mn135,sf98,,New edition <span class='author'>Kudo</span> 2004.
mn135,sht67,,
mn135,kf10,1,
mn136,ma171,,
mn136,t1509.24b,1,
mn136,up5.003,1,
mn137,ma163,,
mn137,sht72,,
mn138,ma164,,
mn138,sht52,,Identified in SHT viii p. 196.
mn139,ma169,,
mn139,sht13,,
mn140,ma162,,
mn140,t511,,
mn140,up1.041,,
mn141,ma31,,
mn141,t32,,
mn141,ea27.1,,
mn142,ma180,,
mn142,t84,,
mn142,t202.52,1,
mn142,t202.57,1,Correspondence reference is T iv 470a.
mn142,t1421.29b,1,
mn142,up4.103,,
mn142,sht31,,
mn142,uf20,1,
mn143,sn1.48,1,
mn143,sn2.20,1,
mn143,sa593,1,
mn143,sa1032,1,
mn143,sa-2.187,1,
mn143,ea51.8,,"<span class='author'>Akanuma</span> p. 171 lists MA 28 at T i 458b as another parallel. But MA 28 agrees with SN 55.26 at SN v 380 as regards Sāriputta’s instructions to Anāthapiṇḍika, and in having Anāthapiṇḍika recover rather than dying, as recorded in MN 143 and EA 51.8. Hence, MA 28 (as also Skt fragment cat. no. 1397 in SHT vi 116) is better reckoned a parallel to SN 55.26."
mn144,sn35.87,,
mn144,sa1266,,
mn145,sn35.88,,
mn145,sa311,,"<span class='author'>Akanuma</span> p. 171 lists SA 215 at T ii 54b as a further parallel. However, SA 215 corresponds to only the first section of MN 145. We follow <span class='author'>Yin Shun</span> 1983 vol. i pp. 263–264 in identifying SA 215 as rather a parallel to SN 35.70, which it matches closely though disagreeing over the bhikkhu’s name: Punna in SA 215, Upavana in SN 35.70.  "
mn145,t108,,
mn145,t1448.3,,
mn145,dq20,,
an10.93,sf80,1,
mn145,divy2,,
mn146,sa276,,
mn146,t1442.30,,
mn146,sht68,,
mn147,sn18.1-5,1,
mn147,sn35.121,,
mn147,sa200,1,
mn148,sa304,,"<span class='author'>Akanuma</span> p. 171 lists MA 86 at T i 562a as another parallel. In MA 86 Ānanda asks the Buddha how to instruct a group of young monks. The Buddha responds by discussing the five aggregates, the six senses, and a broad range of other topics. Thus, despite some overlap as regards the exposition of the six senses, MA 86 and MN 148 do not seem to be parallels. "
mn148,sa323-327,1,"SA 323–327 and SA 330 form part of a series of short discourses, each of which treats just one aspect of the exposition given in MN 148. Thus, they are partial parallels, just like the Sanskrit fragments in <span class='author'>Enomoto</span> 1989."
mn148,sa330,1,
mn148,up3.059,,
mn148,sf18,,
mn148,sht71,,
mn149,sa305,,
mn150,sa280,,
mn150,sht69,,
mn151,sa236,,
mn151,ea45.6,1,"EA 45.6 parallels only the first part of MN 151, after which it continues differently."
mn152,sa282,,
mn152,sht70,,
dn1,t1548.126,1,
an1.30,ea11.6,,
an1.29,ea11.5,,
sn56.61-131,sa-3.22,1,
sn56.61-131,sa442,,
sn56.59,sa441,1,
sn56.57,sa440,1,
sn56.55,sa441,1,
sn56.52-53,sa440,,
sn56.51,sa442,1,
sn56.49,sa441,1,
sn56.49,sa439,,
sn56.47-48,sa406,,
sn56.46,sa424-426,1,
sn56.46,sa423,1,
sn56.45,sa405,,
sn56.44,sa436-437,,
sn56.43,sf136,,
sn56.43,sa422,,
sn56.42,sa421,,
sn56.41,sa407,,
sn56.40,sa399,,
sn56.39,sa398,,
sn56.38,sa395,,
sn56.37,sa394,,
sn56.36,sa438,,
sn56.35,sa401,,
sn56.34,sa400,,
sn56.33,sa430,,
sn56.32,sa435,1,
sn56.32,sa397,,
sn56.31,sa404,,
sn56.29,sa382,,
sn56.27,sa417,,
sn56.24,sa402,1,
sn56.23,sa402,,
sn56.22,sa390-392,1,
sn56.21,dq122,,
sn56.21,ea25.1,,
sn56.21,sa403,,
sn56.20,sa417,,
sn56.16,sa418,,
sn56.15,sa416,,
an1.21,sf177.1,,
an1.16-20,sf203.106-111,,
an1.16-20,ea9.10,,
an1.11-15,sf203.101-105,,
sn56.11,sn56.12,1,
an1.1-5,ea9.7,,
an1.1-5,t792,,
an1.6-10,ea9.8,,
an1.11-15,ea9.9,,
sn56.11,mvu70,,
sn56.11,sf260,,
sn56.11,sbv40,,
sn56.11,dq126,1,
sn56.11,dq95,,
sn56.11,ea19.2,1,
sn56.11,ma204,1,
sn56.11,t1428.32a,,
sn56.11,t1421.15b,,
sn56.11,t110,1,
sn56.11,t109,,
sn56.11,sa379,,
sn56.10,sa411,,
sn56.9,sa412,,
sn56.8,sa408,,
sn56.7,sa409-410,,
sn56.5-6,sa390-391,1,
sn56.3-4,sf267,,
sn56.3-4,sa393,1,
sn56.2,sa428,,
sn56.1,sa429,,
sn55.55-58,sa1128-1129,1,
sn55.55,sa1125,,
sn55.54,sa1122,,
sn55.53,sa1033,,
sn55.50,sa1125,,
sn55.49,sa153,1,
sn55.49,sa928,1,
sn55.48,sa1123,1,
sn55.47,sa856,,
sn55.46,sa1126,,
sn55.44-45,sa834,,
sn55.41-42,sa841,,
sn55.40,sa855,,
sn55.39,sa1036,,
sn55.37,sa-2.152,,
sn55.37,sa927,,
sn55.36,sa1124,,
sn55.35,sa848-850,,
sn55.34,sa847,,
sn55.32,sa1132-1134,,
sn55.32,sa840,,
sn55.31,sa1131,,
sn55.31,sa838,,
sn55.30,sa833,,
sn55.29,sa845,,
sn55.28,sa846,,
sn55.27,sa1031,,
sn55.26,sht66,,
sn55.26,sa-2.187,1,
sn55.26,ma28,1,
sn55.24,sa-2.160,,
sn55.24,sa936,,
sn55.23,sa-2.159,,
sn55.23,sa935,,
sn55.22,sa-2.155,,
sn55.22,sa930,,
sn55.21,ea41.1,1,
sn55.20,sa1135,,
sn55.18,sa507,,
sn55.16-17,sa836,,
sn55.12,sa842,,
sn55.10,sa854,,
sn55.9,sa851,,
sn55.8,sa852-853,,
sn55.7,sa1044,,
sn55.6,sa860,,
sn55.5,sa843,,
sn55.4,sa844,,
sn55.3,sa1034,,
sn55.2,sa1127,,
sn55.1,sa835,,
sn54.15-16,sa811-812,,
sn54.13,sa810,,
sn54.12,sa808,,
sn54.11,sa807,,
sn54.10,sf134,,
sn54.10,sa813,,
sn54.9,sa809,,
sn54.8,sa814,1,
sn54.7,sa806,,
sn54.6,sa805,,
sn54.2-5,sa804,,
sn54.1,sa-3.15,1,
sn54.1,sa803,,
sn52.23,sa539,,
sn52.10,sa540,1,
sn52.10,sa541,,
sn52.8,sa545,1,
sn52.6,sa538,1,
sn52.6,sa537,,
sn52.4-5,sa542-543,,
sn52.2,sa535,1,
sn52.1,sa536,1,
sn51.15,sa561,,
sn51.1,ea29.7,1,
sn50.1,sa673,,
sn49.13-22,sa882,,
sn49.1-12,sa875-878,,
sn48.65,sa738,,
sn48.65,sa734,,
sn48.52,sa655-658,1,
sn48.52,sa654,,
sn48.50,sa-2.346,1,
sn48.50,sa953,1,
sn48.50,sa659,,
sn48.23,sa642,,
sn48.20,sa649,,
sn48.18,sa652,,
sn48.14,sa652,,
sn48.13,sa653,,
sn48.12,sa739,1,
sn48.12,sa735,1,
sn48.12,sa648,,
sn48.10,sa658,1,
sn48.10,sa655,1,
sn48.9-10,sa647,,
sn48.8,sa675,,
sn48.8,sa646,,
sn48.6-7,sa650-651,,
sn48.4-5,sa645,,
sn48.2-3,sa644,,
sn48.1,sa643,,
sn47.46,sa637,1,
sn47.43,sa-3.4,,
sn47.43,sa-2.102,,
sn47.43,sa1189,,
sn47.42,sa609,,
sn47.41,sa608,1,
sn47.39,sa610,,
sn47.33,sa608,1,
sn47.30,sa1038,,
sn47.28,sa537,,
sn47.26,sa627,1,
sn47.24,sa606,,
sn47.23,sa629,,
sn47.21,sa628,1,
sn47.20,sa623,,
sn47.19,sa619,,
sn47.17,sa634,,
sn47.16,sa624,,
sn47.15,sa625,,
sn47.14,sa639,,
sn47.13,ea26.9,1,
sn47.13,sa638,,
sn47.12,sa498,,
sn47.12,da18,,
sn47.11,sa614,,
sn47.10,sa615,,
sn47.9,sf245.14.1-26,,
sn47.9,dn16,1,
sn47.9,t1451.36,1,
sn47.9,t6,1,
sn47.9,t5,1,
sn47.9,da2,1,
sn47.8,sa616,,
sn47.7,sa620,,
sn47.6,sa617,,
sn47.5,sa611,,
sn47.4,sa621,,
sn47.3,ma76,1,
sn47.2,sa622,,
sn47.1,sa607,,
an10.18,ma95,1,
sn46.69-76,sa747,,
sn46.68,sa742,,
sn46.67,sa741,,
sn46.66,sa746,,
sn46.62,sa744,,
sn46.57-61,sa747,,
sn46.56,sa711-712,,
sn46.55,sf186,,
sn46.54,sa743,,
sn46.53,sa714,,
sn46.52,sa713,,
sn46.51,sa715,,
an10.61,an10.62,1,
sn46.42,ea39.7,,
sn46.42,t38,,
sn46.42,ma58,,
sn46.42,sa721-722,,
sn46.41,sa730,,
sn46.40,sa706,,
sn46.39,sa708,,
an10.61,ma51,1,
sn46.36,sa705,,
sn46.34,sa705,,
sn46.29,sa716,1,
sn46.27,sa729,,
sn46.24,sa725,1,
sn46.24,sa704,,
sn46.23,sa709,1,
sn46.22,sa728,,
sn46.16,sf251,,
sn46.16,sf245.30.10-22,,
sn46.16,ea39.6,1,
sn46.16,sa727,,
sn46.10,sa732,,
sn46.8,sa719,,
sn46.5,sa737,1,
sn46.5,sa733,,
sn46.4,sa718,,
sn46.3,sa724,1,
sn46.3,sa740,1,
sn46.3,sa736,1,
sn46.2,sa715,,
sn45.141-148,sf100,,
sn45.141-148,t765.1,,
sn45.141-148,sa-2.66,,
sn45.141-148,sa1239,,
sn45.141-148,ma141,,
sn45.139,sa902,,
sn45.84,sa778-780,,
sn45.83,sa781,1,
sn45.83,sa775-777,1,
sn45.77,sa778-780,,
sn45.76,sa781,1,
sn45.76,sa775-777,1,
sn45.55,sa748,,
sn45.37-40,sa800,,
sn45.36,sa798,,
sn45.36,sa794-795,,
sn45.35,sa799,,
sn45.35,sa796-797,,
sn45.34,sa771,,
sn45.30,sa752,,
sn45.29,sa759,,
sn45.24,sa751,,
sn45.21,t112,,
sn45.21,sa784,,
sn45.21,sa770,,
sn45.16-17,sa766,,
sn45.15,sa764,1,
sn45.13,sa761,,
sn45.8,t112,1,
sn45.8,sa784,1,
sn45.7,sa753,1,
sn45.5,sa783,1,
sn45.4,sa769,,
sn45.2,dq115,,
sn45.2,sa768,,
sn45.2,sa726,,
sn45.1,sa749,,
sn44.11,sa-2.193,,
sn44.11,sa959,1,
sn44.10,sa-2.195,,
sn44.10,sa961,,
sn44.9,sa-2.190,1,
sn44.9,sa957,1,
sn44.8,sa-2.192,,
sn44.7,sa-2.191,,
sn44.7,sa958,,
sn44.2,sa106,,
sn43.11-43,sa890,,
sn42.13,ma20,,
sn42.12,sa-2.127,,
sn42.12,sa912,,
sn42.11,sa-2.128,,
sn42.11,sa913,,
sn42.10,sa-2.126,,
sn42.10,sa911,,
sn42.9,sa-2.129,,
sn42.9,sa914,,
sn42.8,sa-2.131,,
sn42.8,sa916,,
sn42.7,sa-2.130,,
sn42.7,sa915,,
sn42.6,ma17,,
sn42.5,sa-2.124,,
sn42.5,sa909,,
sn42.3,sa-2.123,,
sn42.3,sa908,,
sn42.2,sa-2.122,,
sn42.2,sa907,,
sn42.1,sa-2.125,,
sn42.1,sa910,,
sn41.10,sa575,,
sn41.9,sa573,,
sn41.8,sa574,,
sn41.7,sa567,,
sn41.6,sa568,,
sn41.5,sa566,1,
sn41.4,sa571,,
sn41.3,sa570,,
sn41.2,sa569,,
sn41.1,sa572,,
sn40.10,ea36.5,1,
sn40.10,sa506,,
sn40.10,sa988-989,,
sn40.9,sa502,,
sn39.1-16,sa491,,
sn37.27-28,sa-3.19,1,
sn37.27-28,ea35.4,,
sn36.30-31,sa483,,
sn36.27-29,sa480,,
sn36.26,sa478,,
sn36.24,sa475,,
sn36.23,sa476,,
sn36.21,sa-2.211,,
sn36.21,sa977,,
sn36.17-18,sa476,,
sn36.15-16,sa474,,
sn36.14,sa472,,
sn36.12-13,sa471,,
sn36.11,sa476,,
sn36.11,sa473,,
sn36.10,sa466,,
sn36.8,sa1029,,
sn36.7,sa1028,,
sn36.6,sa470,,
sn36.5,sa467,,
sn36.4,sa469,,
sn36.3,sa468,,
sn36.1,sa473,,
sn35.248,sa1168,,
sn35.247,ea38.8,1,
sn35.247,sa1170-1171,,
sn35.246,sa1169,,
sn35.245,sa1175,,
sn35.244,sa1173,,
sn35.243,sf280,,
sn35.243,sa1176,,
sn35.241,ea43.3,,
sn35.241,sa1174,,
sn35.240,sa1167,,
sn35.238,sf15,,
sn35.238,ea31.6,,
sn35.238,sa1172,,
sn35.236-237,sa1166,,
sn35.235,sa241,,
sn35.233,sa559,,
sn35.232,sa250,,
sn35.230,sa245,,
sn35.229,sa216,,
sn35.228,sa217,,
sn35.167,sa202,,
sn35.161,sa206,,
sn35.160,sa207,,
sn35.158-159,sa189,1,
sn35.156-157,sa188,1,
sn35.151,sa235,,
sn35.148-150,sa220,,
sn35.147,sa219,,
sn35.138-139,sa274,,
sn35.136,sa308,,
sn35.135,sa210,,
sn35.134,sa212,,
sn35.133,sf284,,
sn35.133,sa253,,
sn35.132,sa255,,
sn35.130,sa553,,
sn35.129,sa460,,
sn35.127,sf69,,
sn35.127,sa1165,,
sn35.124,sa237,,
sn35.123,sa240,,
sn35.122,sa239,,
ea-2.1,sn22.57_a,,
sn35.117,sa211,,
sn35.116,sa234,,
sn35.114-115,sa244,,
sn35.111-112,sa242,,
sn35.110,sa240,,
sn35.109,sa239,,
sn35.108,sa150-151,1,
sn35.108,sa149,,
sn35.107,sa233,,
sn35.106,sa218,,
sn35.105,sa146,,
sn35.103,ma114,,
sn35.101-102,sa274,,
sn35.100,sa206,,
sn35.99,sa207,,
sn35.97,t107,1,
sn35.97,sa277,1,
sn35.96,sa278,,
sn35.95,sa312,,
sn35.94,sa279,,
sn35.93,sa214,1,
sn35.92-93,sa273,1,
sn35.92,sa213,,
sn35.90-91,sa226-227,,
an5.37,t132b,,
an7.63,t142b,,
sn35.85,sa232,,
sn35.82,sa231,,
sn35.81,sa114,,
sn35.75,sa1026,,
sn35.74,sa1025,,
sn35.71-73,sa209,,
sn35.70,sa215,,
sn35.69,sf261,,
sn35.69,sf258,,
sn35.69,t505,,
sn35.69,sa252,,
sn35.65-68,sa230,,
sn35.64,sa310,,
sn35.63,sa309,,
sn35.53-59,sa201,1,
sn35.33-52,sa196,1,
sn35.28,sf270,,
sn35.28,sa197,,
sn35.26-27,sa222-223,1,
sn35.26-27,sa190-191,,
sn46.49,sa717,1,
sn35.23,sa319,,
sn35.21-22,sa192-193,1,
sn35.19-20,sa194,,
sn35.15-18,sa243,,
sn35.10-12,sa208,,
sn35.7-12,sa333,,
sn35.1-12,sa195,,
sn34.1-55,sa883,,
sn33.1-5,sa-2.197,,
sn33.1-5,sa963,,
sn32.1,sa871,1,
sn30.1-2,ea27.8,,
sn29.1,ea27.8,,
sn28.10,sa500,,
sn27.1-10,sa900,,
sn26.1-10,sa899,,
sn26.1,sa315,,
sn24.45,sa164,,
sn24.37-44,sa167,1,
sn24.37-44,sa166,,
sn24.19,sa164,,
sn24.9-18,sa168,,
sn24.8,sa163,,
sn24.8,sa161,,
sn24.7,sa157-160,,
sn24.6,sa162,,
sn24.5,sa154-156,,
sn24.3,sa152,,
sn24.2,sa142,,
sn24.2,sa133,1,
sn24.1,sa164,,
sn23.35-46,sa130,1,
sn23.31,sa128-129,,
sn23.24,sa126,,
sn23.23,sa125,,
sn23.19-22,sa127,,
sn23.12,sa121,,
sn23.11,sa124,,
sn23.9-10,sa123,,
sn23.4,sa112,,
sn23.3,sa111,1,
sn23.2,sa122,,
sn23.1,sa120,,
sn22.152,sa152,,
sn22.151,sa142,,
sn22.150,sa146,,
sn22.147,sa48,,
sn22.146,sa47,,
sn22.135,sa257,1,
sn22.133-134,sa258,1,
sn22.131-132,sa258,,
sn22.129-130,sa258,1,
sn22.127-128,sa256,,
sn22.126,sa256,1,
sn22.124-125,sa22,,
sn22.122-123,sa259,,
sn22.118-119,sa76,1,
sn22.117,sa74,1,
sn22.115-116,sa28-29,1,
sn22.115-116,sa26,,
sn22.106,sa72,,
sn22.105,sa71,,
sn22.103,sa70,,
sn22.102,sa270,,
sn22.101,sa263,,
sn22.100,sa267,,
sn22.99,sa266,,
sn22.97,ea24.4,,
sn22.96,ma61,,
sn22.96,sa264,,
sn22.95,t106,,
sn22.95,t105,,
sn22.95,sa953,1,
sn22.95,sa265,,
sn22.94,sa38,1,
sn22.94,sa37,,
sn22.93,sa268,,
sn22.92,sa199,,
sn22.92,sa24,,
sn22.91,sa198,,
sn22.91,sa23,,
sn22.90,sa262,,
sn22.89,sa103,,
sn22.88,sa1024,,
sn22.87,ea26.10,,
sn22.87,sa1265,,
sn22.86,sa106,,
sn22.85,sa104,,
sn22.84,sa271,,
sn22.83,sa261,,
mn12,t780a,1,
sn22.81,sa57,,
sn22.80,ma140,1,
sn22.80,sa272,,
sn22.79,sa46,,
sn22.76,ma120,,
sn22.70,sa19,,
sn22.69,sa18,,
sn22.68,sa17,,
sn22.65,sa74,1,
sn22.64,sa21,,
sn22.63-65,sa15,1,
sn22.60,sa81,,
sn22.59,t1428.32b,,
sn22.59,t1421.15c,,
sn22.59,t102,,
sn22.59,sa33,1,
sn22.59,sa34,,
sn22.58,sa75,,
sn22.57,ea-2.1_3,,
an9.71-72,an10.14,1,
sn22.57,sa-3.27,,
sn22.57,sa42,,
sn22.56,sa41,,
sn22.55,sa64,,
sn22.54,sa39,,
sn22.53,sa40,,
sn22.51,sa-3.12,,
sn22.50,sf89,,
sn22.50,sa31,,
sn22.49,sf89,,
sn22.49,sa30,,
sn22.48,sa55,,
sn22.47,sa45,,
sn22.47,sa63,,
sn22.46,sa85,,
sn22.45,sa84,,
sn22.44,sa69,,
sn22.43,sa36,1,
sn22.39-42,sa27,,
sn22.37-38,sa49-50,,
sn22.36,sa15,1,
sn22.35,sa16,,
sn22.33-34,sa269,,
sn22.33,sa274,,
sn22.32,sa51,,
sn22.30,sa78,,
sn22.29,sa7,,
sn22.29,sa5,,
sn22.28,sa13,,
sn22.26-27,sa14,,
sn22.25,sa77,,
sn22.24,sa5,,
sn22.24,sa3,,
sn22.23,sa72,,
sn22.22,ea25.4,,
sn22.22,sa73,,
sn22.19-20,sa12,,
sn22.16-17,sa10,,
sn22.16-17,sa2,,
sn22.15,sa9,,
sn22.15,sa2,,
sn22.12-14,sa1,1,
sn22.9-11,sa79,,
sn22.9-11,sa8,,
sn22.8,sa44,,
sn22.7,sa66,,
sn22.7,sa43,,
sn22.5-6,sa65,,
sn22.5,sa59-60,1,
sn22.4,sa552,,
sn22.3,sa551,,
sn22.2,ea41.4,1,
sn22.2,sa108,,
sn22.1,ea13.4,,
sn22.1,sa107,,
sn21.10,sa-2.10,,
sn21.10,sa1071,,
sn21.9,sa-2.7,,
sn21.9,sa1068,,
sn21.8,ea18.6,,
sn21.8,sa-2.5,,
sn21.8,sa1067,,
sn21.7,sa-2.8,,
sn21.7,sa1069,,
sn21.6,sa-2.2,,
sn21.6,sa1063,,
sn21.5,sa-2.1,,
sn21.5,sa1062,,
sn21.4,sa-2.9,,
sn21.4,sa1070,,
sn21.3,sa503,,
sn21.1,sa501,,
sn20.11,sa1262,,
sn20.10,sa1260,,
sn20.9,sa-2.22,,
sn20.9,sa1083,,
sn20.8,sa1252,,
sn20.7,sa1258,,
sn20.6,sa1257,,
sn20.5,sf75,,
sn20.5,sa1255,,
sn20.4,sa1253,,
sn20.3,sa1254,,
sn20.2,sa-3.22,,
sn20.2,sa1256,,
sn19.17-21,sa530,,
sn19.16,sa517,,
sn19.15,sa524,,
sn19.14,sa520,,
sn19.13,sa523,,
sn19.12,sa525,,
sn19.11,sa522,,
sn19.10,sa518,,
sn19.9,sa514,,
sn19.8,sa513,,
sn19.6,sa515,,
sn19.5,sa516,,
sn19.4,sa510,,
sn19.2,sa509,,
sn19.1,sa508,,
sn18.22,sa199,,
sn18.21,sa198,,
sn18.1-10,sa897,1,
sn17.36,ea23.7,,
sn17.36,ea12.7,1,
sn17.36,sa-2.3,,
sn17.36,sa1064,,
sn17.28,ea12.9,,
sn17.24,ea9.2,,
sn17.23,ea9.1,,
sn17.11-20,ea11.7-8,,
sn17.9,ea25.8,,
sn17.8,sa1264,1,
sn17.5,sa1263,1,
sn16.13,sa-2.121,,
sn16.13,sa906,,
sn16.12,sa-2.120,,
sn16.12,sa905,,
sn16.11,sa-2.119,,
sn16.11,sa1144,,
sn16.10,sa-2.118,,
sn16.10,sa1143,,
sn16.9,sa-2.117,,
sn16.9,sa1142,,
sn16.8,sa-2.115,,
sn16.8,sa1140,,
sn16.7,sa-2.114,,
sn16.7,sa1139,,
sn16.6,ea31.11,1,
sn16.6,sa-2.113,,
sn16.6,sa1138,,
sn16.5,ea41.5,,
sn16.5,ea12.6,,
sn16.5,sa-2.116,,
sn16.5,sa1141,,
sn16.4,sa-2.112,,
sn16.4,sa1137,,
sn16.3,sf74,,
sn16.3,t121,,
sn16.3,sa-2.111,,
sn16.3,sa1136,,
sn15.20,sa-2.350,,
sn15.20,sa956,,
sn15.14-19,sa-2.345,,
sn15.14-19,sa-2.338,,
sn15.14-19,sa952,,
sn15.14-19,sa945,,
sn15.13,ea51.2,,
sn15.13,sa-2.330,,
sn15.13,sa937,,
sn15.12,sa-2.335,,
sn15.12,sa942,,
sn15.11,sa-2.336,,
sn15.11,sa943,,
sn15.10,t765.2,,
sn15.10,ea-2.30,,
sn15.10,sa-3.11,,
sn15.10,sa-2.340,,
sn15.10,sa947,,
sn15.9,sa-2.347-348,,
sn15.9,sa954,,
sn15.8,sa-2.339,,
sn15.8,sa946,,
sn15.7,sa-2.343,,
sn15.7,sa950,,
sn15.6,ea52.3,,
sn15.6,sa-2.341,,
sn15.6,sa948,,
sn15.5,ea52.4,,
sn15.5,sa-2.342,,
sn15.5,sa949,,
sn15.4,sa-2.332,,
sn15.4,sa939,,
sn15.3,ea51.1,,
sn15.3,sa-2.331,,
sn15.3,sa938,,
sn15.2,sa-2.334,,
sn15.2,sa941,,
sn15.1,sa-2.333,,
sn15.1,sa940,,
sn14.25,sa450,,
sn14.17-24,t111,,
sn14.17-24,sa-3.20,,
sn14.17-24,sa450,,
sn14.16,sa448,,
sn14.16,sa446,,
sn14.15,ea49.3,,
sn14.15,sa447,,
sn14.14,sa445,,
sn14.13,sa457,,
sn14.12,t111,1,
sn14.12,sa-3.20,1,
sn14.12,sa449,,
sn14.11,sa456,,
sn14.7-10,sa454-455,,
sn14.2-6,sa452-453,,
sn14.1,sa451,,
sn13.1-11,sa891,1,
sn12.84,sa368,,
sn12.83,sa367,,
sn12.71-81,sa354,,
sn12.70,sa347,,
sn12.68,sa351,,
sn12.67,sf155,,
sn12.67,sa288,,
sn12.66,sf158,,
sn12.66,sa291,,
sn12.65,sf6,,
sn12.65,sf35,,
sn12.65,sf10,,
sn12.65,sf154,,
sn12.65,sf94,,
sn12.65,t715,,
sn12.65,t714,,
sn12.65,t713,,
sn12.65,ea38.4,,
sn12.65,sa287,,
sn12.64,sa374-378,,
sn12.63,sa373,,
sn12.62,sf157,,
sn12.62,sa290,,
sn12.61,sf156,,
sn12.61,ea9.3-4,,
sn12.61,sa289,,
sn12.58,sf151,,
sn12.58,sa284,1,
sn12.57,sf150,,
sn12.57,sf257,,
sn12.57,sf256,,
sn12.57,sa283,,
sn12.55-56,sf151,,
sn12.55-56,sa284,,
sn12.53-54,sf152,,
sn12.53-54,sa285,,
sn12.52,sa286,,
sn12.51,sf159,,
sn12.51,sa292,,
sn12.49-50,sa350,,
sn12.46,sf167,,
sn12.46,sa300,,
sn12.40,sa361,,
sn12.39,sa360,,
sn12.38,sa359,,
sn12.37,sf162,,
sn12.37,sa358,,
sn12.35-36,sf164,,
sn12.35-36,sa297,,
sn12.34,sa357,,
sn12.33,sa356,,
sn12.32,ma23,,
sn12.31-32,sf173,,
sn12.31-32,sa345,,
sn12.29-30,sa354,,
sn12.28,sa355,,
sn12.24-25,sf171,,
sn12.24-25,sa343,,
sn12.22,sf263,,
sn12.22,sa348,,
sn12.21,ea46.3,,
sn12.20,sf163,,
sn12.20,sa296,,
sn12.19,sf161,,
sn12.19,sa294,,
sn12.18,sf170,,
sn12.18,sa303,,
sn12.17,sf169,,
sn12.17,t499,,
sn12.17,sa302,,
sn12.16,sa363-365,,
sn12.15,sf168,,
sn12.15,sa301,,
sn46.49-50,sa717,,
sn12.12,sa372,,
sn12.11,sf255,,
sn12.11,sf254,,
sn12.11,ea29.3-4,,
sn12.11,sa371,,
sn12.10,sbv20,,
sn12.10,sf152,,
sn12.10,sa285,,
sn12.4-9,sf255,,
sn12.4-9,sf254,,
sn12.4-9,sa366,,
sn12.2,ea49.5,,
sn12.1-2,dq104,,
sn12.1-2,sf165,,
sn12.1-2,sf256,,
sn12.1-2,t124,,
sn12.1-2,sa298,,
sn11.24,sa-2.37,,
sn11.24,sa1108,,
sn11.23,sa-2.47,,
sn11.23,sa1118,,
sn11.22,ea45.5,,
sn11.22,sa-2.36,,
sn11.22,sa1107,,
sn11.21,sa-2.45,,
sn11.21,sa1116,,
sn11.20,sa-2.42,,
sn11.20,sa1113,,
sn11.19,sa-2.40,,
sn11.19,sa1111,,
sn11.18,sf27,,
sn11.18,sa-2.41,,
sn11.18,sa1112,,
sn11.16,ea13.6,,
sn11.16,sa-2.52,,
sn11.16,sa1224-1225,,
sn11.14,sa-2.51,,
sn11.14,sa1223,,
sn11.13,sa-2.34,,
sn11.13,sa1105,,
sn11.12,sf275,,
sn11.12,sa-2.35,,
sn11.12,sa1106,,
sn11.11,sa-3.21,,
sn11.11,sa-2.33,,
sn11.11,sa1104,,
sn11.9-10,sa-2.44,,
sn11.9-10,sa1115,,
sn11.8,sa-2.50,,
sn11.8,sa1119,,
sn11.7,sa-2.48,,
sn11.7,sa1120,,
sn11.6,sa-2.49,,
sn11.6,sa1222,,
sn11.5,sa-2.38,,
sn11.5,sa1109,,
sn11.4,sf265,,
sn11.4,ea34.8,,
sn11.4,sa-2.39,,
sn11.4,sa1110,,
sn11.3,sf147,,
sn11.3,sf137,,
sn11.3,sf266,,
sn11.3,sf239,,
sn11.3,tib75,,
sn11.3,ea24.1,,
sn11.3,sa981,,
sn11.2,sa981,1,
sn11.1,sa-2.43,,
sn11.1,sa1114,,
sn10.12,sa-2.325,,
sn10.12,sa1326,,
sn10.12,sa603,,
sn10.11,sa-2.326,,
sn10.11,sa1328,,
sn10.9-10,sa-2.327,,
sn10.9-10,sa1327,,
sn10.8,sa-2.186,,
sn10.8,sa592,,
sn10.7,sa-2.321,,
sn10.7,sa1322,,
sn10.6,sa-2.320,,
sn10.6,sa1321,,
sn10.5,sa-2.324,,
sn10.5,sa1325,,
sn10.4,sa-2.318,,
sn10.4,sa1319,,
sn10.3,sa-2.323,,
sn10.3,sa1324,,
sn10.3,sa1314,1,
sn10.2,sa-2.299,,
sn10.2,sa-2.162,,
sn10.2,sa577,,
sn10.1,sa-2.298,,
sn10.1,sa1300,,
sn9.14,sa-2.358,,
sn9.14,sa1338,,
sn9.13,sa-2.363,,
sn9.13,sa1343,,
sn9.12,sa-2.355,,
sn9.12,sa1335,,
sn9.11,sa-2.354,,
sn9.11,sa1334,,
sn9.10,sa-2.357,,
sn9.10,sa1337,,
sn9.9,sa-2.360,,
sn9.9,sa1340,,
sn9.8,sa-2.364,,
sn9.8,sa1344,,
sn9.7,sa-2.362,,
sn9.7,sa1342,,
sn9.6,sa-2.356,,
sn9.6,sa1336,,
sn9.5,sa-2.361,,
sn9.5,sa1341,,
sn9.4,mvu100,,
sn9.4,sa-2.351,,
sn9.4,sa1331,,
sn9.3,sa-2.359,,
sn9.3,sa1339,,
sn9.2,sa-2.352,,
sn9.2,sa1332,,
sn9.1,sa-2.353,,
sn9.1,sa1333,,
sn8.12,sa-2.252,,
sn8.12,sa1217,,
sn8.11,sa-2.224,,
sn8.11,sa1208,,
sn8.10,sa-2.227,,
sn8.10,sa1211,,
sn8.9,sa-2.225,,
sn8.9,sa1209,,
sn8.8,sa1219,,
sn8.7,sf16,,
sn8.7,sf73,,
sn8.7,ea32.5,,
sn8.7,t63,,
sn8.7,t62,,
sn8.7,t61,,
sn8.7,ma121,,
sn8.7,sa-2.228,,
sn8.7,sa1212,,
sn8.6,sa-2.226,,
sn8.6,sa1210,,
sn8.5,sa-2.253,,
sn8.5,sa1218,,
sn8.4,ea35.9,,
sn8.4,sa-2.230,,
sn8.4,sa1214,,
sn8.3,sa-2.251,,
sn8.3,sa1216,,
sn8.2,sa-2.229,,
sn8.2,sa1213,,
sn8.1,sa-2.250,,
sn8.1,sa1215,,
sn7.22,sa-2.94,,
sn7.22,sa1180,,
sn7.20,sa-2.263,,
sn7.20,sa97,,
sn7.19,sa-2.88,,
sn7.19,sa88,,
sn7.18,sa-2.97,,
sn7.18,sa1183,,
sn7.17,sa-2.96,,
sn7.17,sa1182,,
sn7.16,sa-3.7,,
sn7.16,sa-2.78,,
sn7.16,sa1155,,
sn7.15,sf24,,
sn7.15,sa-2.258,,
sn7.15,sa92,,
sn7.14,sf24,,
sn7.14,sa-2.262,,
sn7.14,sa96,,
sn7.13,sa-2.95,,
sn7.13,sa1181,,
sn7.12,sa-2.80,,
sn7.12,sa1157,,
sn7.11,sf25,,
sn7.11,sa-3.1,,
sn7.11,sa-2.264,,
sn7.11,sa98,,
sn7.10,sa-2.93,,
sn7.10,sa1179,,
sn7.9,sa-2.99,,
sn7.9,sa1184,,
sn7.7,sa-2.83,,
sn7.7,sa1160,,
sn7.6,sa-2.100,,
sn7.6,sa1186-1187,,
sn7.5,sa-3.26,,
sn7.5,sa-2.79,,
sn7.5,sa1156,,
sn7.4,sa-2.77,,
sn7.4,sa1154,,
sn7.3,sa-3.25,,
sn7.3,sa-2.74,,
sn7.3,sa1151,,
sn7.2,sa-2.75,,
sn7.2,sa1152-1153,,
sn7.1,sa-2.81,,
sn7.1,sa1158,,
sn6.15,sa-2.110,,
sn6.15,sa1197,,
sn6.13,sa-2.104,,
sn6.13,sa1191,,
sn6.11,sa-2.103,,
sn6.11,sa1190,,
sn6.10,ea21.5,,
sn6.10,sa-2.276,,
sn6.10,sa1278,,
sn6.7-9,sa-3.5,,
sn6.7-9,sa-2.106,,
sn6.7-9,sa1193,,
sn6.6,sa-2.107,,
sn6.6,sa1194,,
sn6.5,sa-2.109,,
sn6.5,sa1196,,
sn6.4,sa-2.108,,
sn6.4,sa1195,,
sn6.3,sf26,,
sn6.3,sa-2.265,,
sn6.3,sa99,,
sn6.2,sa-2.101,,
sn6.2,sa1188,,
sn6.1,ea19.1,,
sn5.10,sa-2.218,,
sn5.10,sa1202,,
sn5.9,sa-2.219,,
sn5.9,sa1203,,
sn5.8,sa-2.223,,
sn5.8,sa1207,,
sn5.7,sa-2.222,,
sn5.7,sa1206,,
sn5.6,sa-2.221,,
sn5.6,sa1205,,
sn5.5,sa-2.217,,
sn5.5,sa1201,,
sn5.4,sa-2.220,,
sn5.4,sa1204,,
sn5.3,sa-2.216,,
sn5.3,sa1200,,
sn5.2,sa-2.215,,
sn5.2,sa1199,,
sn5.1,sa-2.214,,
sn5.1,sa1198,,
sn4.25,sa-2.31,,
sn4.25,sa1092,,
sn4.24,sa246,,
sn4.23,sa-2.30,,
sn4.23,sa1091,,
sn4.22,sa1100,,
sn4.21,sa1099,,
sn4.20,sa1098,,
sn4.18,ea45.4,,
sn4.18,sa1095,,
sn4.17,sa1103,,
sn4.16,sa1102,,
sn4.15,sa-2.25,,
sn4.15,sa1086,,
sn4.14,sa1097,,
sn4.13,sa-2.29,,
sn4.13,sa1090,,
sn4.12,sa1101,,
sn4.11,sa-2.27,,
sn4.11,sa1088,,
sn4.10,sa-2.24,,
sn4.10,sa1085,,
sn4.9,snp1.2(33-34),,
sn4.15,mvu90,,
sn4.9,sa-2.23,,
sn4.9,sa1084,,
sn4.8,sa-2.142,,
sn4.8,sa1004,,
sn4.7,sa-2.26,,
sn4.7,sa1087,,
sn4.6,sa-2.28,,
sn4.6,sa1089,,
sn46.37,sa705,,
sn46.10,sa731,,
sn46.3,sa723,1,
sn4.1,sa1094,,
sn3.25,sa-2.70,,
sn3.25,sa1147,,
sn3.24,sa-2.68,,
sn3.24,sa1145,,
sn3.23,sa-2.4,1,
sn3.23,sa1065,1,
sn3.22,ea26.7,,
sn3.22,sa-2.54,,
sn3.22,sa1227,,
sn3.21,t127,1,
sn3.21,sa-2.69,,
sn3.21,sa1146,,
sn3.20,sa-2.60,,
sn3.20,sa1233,,
sn3.19,ea23.4,,
sn3.19,sa-2.59,,
sn3.19,sa1232,,
sn3.18,sa-2.65,,
sn3.18,sa1238,1,
sn3.17,ea26.1-4,1,
sn3.17,sa-2.66,,
sn3.17,sa1239,1,
sn3.17,ma141,,
sn3.15,sf148,,
sn3.15,sa-2.64,,
sn3.15,sa1237,,
sn3.14,sa-2.63,,
sn3.14,sa1236,,
sn3.13,sa-2.73,,
sn3.13,sa1150,,
sn3.12,ea33.1,,
sn3.12,sa-2.72,,
sn3.12,sa1149,,
sn3.11,sa-2.71,,
sn3.11,sa1148,,
sn3.10,sa-2.62,,
sn3.10,sa1235,,
sn3.9,sf22,,
sn3.9,sa-2.61,,
sn3.9,sa1234,,
sn3.7,sa-2.57,,
sn3.7,sa1231,,
sn3.6,sa-2.58,,
sn3.6,sa1230,,
sn3.5,sa-2.56,,
sn3.5,sa1229,,
sn3.4,sa-2.55,,
sn3.4,sa1228,,
sn3.3,ea26.6,,
sn3.3,sa-2.67,,
sn3.3,sa1240,,
sn3.2,sa-2.4,1,
sn3.2,sa1065,1,
sn3.1,sbv60,,
sn3.1,dq105,,
sn3.1,sa-2.53,,
sn3.1,sa1226,,
sn2.30,sa-2.307,,
sn2.30,sa1308,,
sn2.29,sa-2.305,,
sn2.29,sa1306,,
sn2.28,sa-2.172,,
sn2.28,sa588,,
sn2.26,ea43.1,,
sn2.26,sa-2.306,,
sn2.26,sa1307,,
sn2.25,sa-2.363,,
sn2.25,sa1343,,
sn2.24,sa-2.189,,
sn2.24,sa595,,
sn2.23,sa-2.136,,
sn2.23,sa999,,
sn2.22,sf210.333-335,,
sn2.22,sf9,,
sn2.22,sf3,,
sn2.22,sa-2.274,,
sn2.22,sa1276,,
sn2.21,sa-2.301,,
sn2.21,sa1302,,
sn2.20,sa-2.187,,
sn2.20,sa593,,
sn2.19,sa-2.138,,
sn2.19,sa1001,,
sn2.18,sa-2.169,,
sn2.18,sa585,,
sn2.17,sa-2.181,,
sn2.17,sa596,,
sn2.16,sa-2.170,,
sn2.16,sa586,,
sa-2.178,sa1269,,
sn2.15,sa-2.178,1,
sn2.15,sa1316,,
sn2.15,sa1269,1,
sn2.14,sa-2.182,1,
sn2.14,sa597,1,
sn2.12,sa-2.303,,
sn2.12,sa1304,,
sn2.11,sa-2.302,,
sn2.11,sa1303,,
sn2.10,dq102,,
sn2.9,sf276,,
sn2.9,dq124,,
sn2.9,dq103,,
sn2.9,sa-2.167,,
sn2.9,sa583,,
sn2.7,sa-2.304,,
sn2.7,sa1305,,
sn2.6,sa-2.312,,
sn2.6,sa1313,,
sn2.5,sa-2.310,,
sn2.5,sa1311,,
sn2.4,sa-2.309,,
sn2.4,sa1310,,
sn2.3,sa-2.308,,
sn2.3,sa1309,,
sn2.2,sa-2.317,,
sn2.2,sa1318,,
sn2.1,sa-2.316,,
sn2.1,sa1317,,
sn1.79,sa-2.290,,
sn1.79,sa1292,,
sn1.77,sa-2.290,,
sn1.77,sa1292,,
sn1.75,sa-2.314,,
sn1.75,sa1315,,
sn1.74,sa-2.234,,
sn1.74,sa1008a,,
sn1.73,sa-2.240,,
sn1.73,sa1013,,
sn1.72,sa-2.249,,
sn1.72,sa1022,,
sn1.71,sa-2.283,,
sn1.71,sa1285,,
sn1.70,sa-2.235,,
sn1.70,sa1008b,,
sn1.68,sa-2.238,,
sn1.68,sa1011,,
sn1.64,sa-2.237,,
sn1.64,sa1010,,
sn1.62,sa-2.236,,
sn1.62,sa1009,,
sn1.61,sa-2.247,,
sn1.61,sa1020,,
sn1.60,sa-2.248,,
sn1.60,sa1021,,
sn1.59,sa-2.241,,
sn1.59,sa1014,,
sn1.58,sa-2.246,,
sn1.58,sa1019,,
sn1.57,sa-2.244,,
sn1.57,sa1017,,
sn1.56,sa-2.243,,
sn1.56,sa1016,,
sn1.55,sa-2.245,,
sn1.55,sa1018,,
sn1.54,sa-2.231,,
sn1.54,sa1005,,
sn1.53,sa-2.137,,
sn1.53,sa1000,,
sn1.52,sa-2.289,,
sn1.52,sa1291,1,
sn1.51,sa-2.242,,
sn1.51,sa1015,,
sn1.50,sa-2.189,,
sn1.50,sa595,,
sn1.48,sa-2.187,,
sn1.48,sa593,,
sn1.47,sa-2.134,,
sn1.47,sa997,,
sn1.46,sa-2.171,,
sn1.46,sa587,,
sn1.43,sa-2.136,,
sn1.43,sa999,,
sn1.42,sa-2.135,,
sn1.42,sa998,,
sn1.41,sf21,,
sn1.40,sa-2.271,,
sn1.40,sa1273,,
sn1.39,sa-2.272,,
sn1.39,sa1274,,
sn1.38,sa-2.287,,
sn1.38,sa1289,,
sn1.37,sa-2.105,,
sn1.37,sa1192,,
sn1.36,sa-2.284,,
sn1.36,sa1286,,
sn1.35,sa-2.275,,
sn1.35,sa1277,,
sn1.34,sa-2.284,,
sn1.34,sa1286,,
sn1.32,sa-2.286,,
sn1.32,sa1288,,
sn1.31,sa-2.285,,
sn1.31,sa1287,,
sn1.30,sa-2.177,,
sn1.30,sa602,,
sn1.29,sa-2.172,,
sn1.29,sa588,,
sn1.28,sa-2.183,,
sn1.28,sa589,,
sn1.27,sht41,,
sn1.27,sa-2.176,,
sn1.27,sa601,,
sn1.26,sa-2.309,,
sn1.26,sa1310,,
sn1.25,t1509.1b,,
sn1.25,sa-2.166,,
sn1.25,sa581-582,,
sn1.24,sa-2.279,,
sn1.24,sa1281,,
sn1.23,sa-2.173,,
sn1.23,sa599,,
sn1.22,sa-2.273,,
sn1.22,sa1275,,
sn1.21,sa-2.170,,
sn1.21,sa586,,
sn1.20,sa-2.17,,
sn1.20,sa1078,,
sn1.19,sa-2.168,,
sn1.19,sa584,,
sn1.18,sa-2.163,,
sn1.18,sa578,,
sn1.17,sa-2.174,,
sn1.17,sa600,,
sn1.16,sa-2.175,,
sn1.16,sa598,,
sn1.15,sa-2.355,,
sn1.15,sa1335,,
sn1.14,sa-2.233,,
sn1.14,sa1007,,
sn1.13,sa-2.232,,
sn1.13,sa1006,,
sn1.12,sa-2.142,,
sn1.12,sa1004,,
sn1.11,ea31.9,,
sn1.11,sa-2.161,,
sn1.11,sa576,,
sn1.10,sf17,,
sn1.10,sa-2.132,,
sn1.10,sa995,,
sn1.9,sa-2.133,,
sn1.9,sa996,,
sn1.8,sa-2.165,,
sn1.8,sa580,,
sn1.7,sa-2.164,,
sn1.7,sa579,,
sn1.6,sa-2.141,,
sn1.6,sa1003,,
sn1.5,sa-2.311,,
sn1.5,sa1312,,
sn1.5,sa-2.140,,
sn1.5,sa1002,,
sn1.4,sa-2.139,,
sn1.3,sf20,,
sn1.3,sa-2.138,,
sn1.3,sa1001,,
sn1.2,sa-2.179,,
sn1.2,sa1268,,
sn1.1,sa-2.180,,
sn1.1,sa1267,,
an1.39,sf180.11,,
an1.42,sf183.21-23,,
an1.43,ea9.5,,
an1.44,ea9.6,,
an1.46,sf194,,
an1.47,sf177.2-3,,
an1.71,sf206.42,,
an1.170,ea8.2,,
an1.173,ea8.7,,
an1.174,ea8.10,,
an1.175-186,ea8.4,,
an1.188-234,ea4.1-10,,
an1.188-234,t126,1,Corresponding section is T ii 831a03–833c07.
an1.235-247,ea5.1-5,,
an1.235-247,t126,1,Corresponding section is T ii 833c08–25.
an1.248-257,ea6.1-4,,
an1.248-257,t126,1,Corresponding section is T ii 833c26–834a26.
an1.258-267,ea7.1-3,,
an1.258-267,t126,1,Corresponding section is T ii 834a27–b20.
an1.314,ea17.5,,
an1.314,sf206.511-513,,
an1.315,ea17.6,,
an1.315,sf206.521-523,,
an1.320-321,sf196.14-15,,
an1.324-327,sf196.21-22,,
an1.485-494,ea2.1-10,,
an1.485-494,t605,,
an2.1,ea18.2,1,
an2.2,ea-2.39,,
an2.6,sa1042,1,
an2.9,sa1243,,
an2.9,ea18.1,,
an2.9,ea-2.40,,
an2.10,sf225.8,,
an2.11,sa661,,
an2.12,t1536.2,,
an2.19,ea-2.41_1,,
an2.19,sht77,,
an2.21,sf235.11-12,,
an2.25-26,ea18.9,1,
an2.31,ea20.7,1,
an2.32,ea20.5,1,
an2.33,ea20.11,,
an2.33,t141,1,
an2.33,sf86,,
an2.33,sf99,,
an2.35,ma127,,
an2.35,sa992,,
an2.35,ea42.8,1,
an2.36,ma21,,
an1.41,sf183.11-13,,
an2.37,sa546,,
an2.38,sa547,,
an2.38,ea19.9,,
an2.42,sa1343,,
an2.42,sa-2.363,,
an2.42,sf217.41-44,,
an2.43,sf217.31-34,,
an2.44,sf217.21-24,,
an2.45,sf217.71-74,,
an2.46,sf217.11-14,,
an2.48,sf217.51-54,,
an2.49,sf217.61-64,,
an2.53,ea17.2,,
an2.56-57,ea17.3,1,
an2.59,ea19.4,,
an2.60,sf225.61,,
an3.40,t1548.25,,
an2.119,ea-2.32,,
an2.120,ea-2.36,,
an2.121,ea-2.34,,
an2.122,ea-2.35,,
an2.126,sf225.3,,
an2.130-133,sf225.z1-z4,,
an2.134,ea18.10,1,
an2.141,ea15.3,,
an2.45,sf118,,
an2.142,ea15.4,,
an7.3,sa688,,
an3.2-9,ea22.6,,
an3.16,ea21.6,,
an3.17,sa1245,,
an3.20,sa-3.6,,
an3.29,ea-2.3_41,,
an3.29,sf11,,
an3.32,sa982,,
an3.33,sa983,,
an3.33,sa-3.8,1,
an3.33,sf14,,
an3.33,sht44,,
an3.35,ea28.3,,
an3.36,da30,1,"Correspondence reference is DA 30.4, T i 126b09–127a26."
an3.36,t24,1,Correspondence reference is T i 330c18–332b9.
an3.36,t25,1,Correspondence reference is T i 365a15–387b6.
mn12,an10.21,1,
an3.36,t212.9,1,Correspondence reference is T iv 668a04–669b10.
an3.36,t741,1,
an3.37-38,ma202,,
an3.37-38,t87,,
an3.37-38,t88,,
an3.37-38,t89,,
an3.37-38,sa1117,,
an3.37-38,sa-2.46,,
an3.37-38,ea24.6,,
an3.37-38,sht55,,
an3.39,ma117,,
an3.39,ea22.8,1,
an3.41,ea24.7,1,
an3.42,ea-2.43,,
an3.42,sf4,,
an3.45,ea-2.47,1,
an3.47,ea22.5,1,
an3.48,ea50.7,1,
an3.51-52,sa1163,,
an3.51-52,sa-2.86-7,,
an3.56,ea-2.14,,
an3.57,sa95,,
an3.57,sa-2.261,,
an3.57,sa-3.2,,
an3.57,sht45,,
an3.58-59,sa884-885,1,
an3.60,ma143,,
an3.61,ma13,,
an3.62,sa758,,
an3.62,sf252,,
an3.64,sa970,,
an3.64,sa-2.204,,
an3.64,sf132,,
an3.64,sf82,1,
an3.65,ma16,,
an3.67,ma119,,
an3.68,ea-2.45,1,
an3.69,ea-2.46,,
an3.70,ma202,,
an3.70,t87,,
an3.70,t88,,
an3.70,t89,,
an3.70,sa861-863,,
an3.70,ea24.6,,
an3.71,sa973,1,
an3.71,sa-2.207,1,
an3.73,sa934,,
an3.73,sa-2.158,,
an3.74,sa563,,
an3.75,ea21.4,,
an3.76,ea-2.42,,
an3.79,sa1073,,
an3.79,sa-2.12,,
an3.79,t116,,
an3.79,t117,,
an3.79,ea23.5,,
an3.79,sf273,,
an3.80,sa423-425,1,
an3.82,sa828,,
an3.82,ea16.4,,
an3.83,sa827,,
an3.84,sa829,,
an3.84,sf134,,
an3.85,sa642,,
an3.85,sa824,,
an3.86,sa821,,
an3.87,sa820,,
an3.88,sa819,,
an3.89,sa817,,
an3.89,sa832,,
an3.89,sf135,,
an3.90,sa816,,
an3.90,sf135,,
an3.91,sa830-831,,
an3.91,sf134,,
an3.96-98,sa920,,
an3.96-98,sa-2.146,,
an3.96-98,t114,,
an3.100,ma11,,
an3.101,sa1246,,
an3.102,sa1247,,
an3.108,ea22.10,1,
an3.109,ea-2.2,,
an3.118,sa1047,,
an3.127,sa594,,
an3.127,sa-2.188,,
an3.128,sa1081,,
an3.128,sa-2.20,,
an3.129,ea22.9,1,
an3.131,ea22.4,,
an3.140,sa917,,
an3.140,sa-2.143,,
an3.141,sa918,,
an3.141,sa-2.144,,
an3.142,sa919,,
an3.142,sa-2.145,,
an3.183-352,ea24.10,,
an4.5,t1536.9a,,
an4.7,sa873,,
an4.7,ea27.7,,
an4.8,ea27.6,,
an4.8,ea46.4,1,
an4.9,ea29.8,1,
sn46.37,sa707,,
an4.9,sf2,,
an4.9,sf8,,
an4.10,t1536.8a,,
an4.10,ea-2.4,,
an4.13,sa875-876,,
an4.14,ea-2.11,,
an4.14,sht47,,
an4.14,sa879,,
an4.14,gf10,,
an2.60,sf115,,
an4.17,t1536.8b,,
an4.21,sa1188,,
an4.21,sa-2.101,,
an4.23,ma137,,
an2.126,sf114,,
an4.28,t1536.6,,
an4.29,t1536.7a,,
an4.31,ea-2.7,,
an4.32,sa669,,
an4.32,ea-2.6,,
an4.34,sa902-904,1,
an4.34,ea21.1,,
an4.36,sa101,,
an4.36,sa-2.267,,
an4.36,ea38.3,1,
an4.36,gf10,,
an4.37,ea-2.12,,
an4.39,sa89,,
an4.39,sa-2.89,,
an4.40,sa90,,
an4.40,sa-2.90,,
an4.40,sf23,,
an4.41,t1536.7d,,
an4.42,t1536.8c,,
an4.45,ea43.1,1,
an4.45,sa1307,,
an4.45,sa-2.306,,
mn59,sht79,,
an5.205,an10.14,1,
an4.49,ea-2.5,,
an4.50,ea28.2,,
an4.67,t505,,
an4.67,sf264,,
sn21.7,an4.48,,
sn17.36,an4.68,,
an4.69,sa875-876,,
an4.70,ea17.11,1,
an4.77,sa406-407,1,
an4.77,ea29.6,1,
an4.88,ea28.7,,
an4.95,ea-2.9,1,
an4.97,t1536.9b,,
an4.97,ea-2.8,1,
an4.97,sht78,,
an4.102,ea25.10,,
an4.102,ea-2.10,,
"an4.105",ea25.7,,
an4.111,sa923,,
an4.113,sa922,,
an4.113,sa-2.148,,
an4.123-124,ma168,,
an4.127,ma32,1,
an4.128,ea25.3,,
an4.152,sa-3.18,,
an4.152,sa667,1,
an4.153,sa670-672,1,
an4.156,ea50.9,1,
an4.159,sa564,,
an4.162,ea31.3,1,
an4.164,t1536.7c,,
an4.170,sa560,,
an4.173,sa249,,
an4.175,ma211,,
an4.175,sa251,,
an4.176,sf225.z1-z4,,
an4.177,sa465,1,
an4.178,sa492,,
an4.180,da2,1,Corresponding section is T i 17b29–18a23.
an4.180,ea28.5,,
an4.185,sa972,1,
an4.185,sa-2.206,1,
an4.185,ea26.8,1,
an4.185,sf132,,
an4.185,sf93,,
an4.186,ma172,,
an4.186,t82,,
an4.189,t1536.7b,,
an4.194,sa565,,
an4.195,ma12,,
an4.198,t1536.9c,,
an4.199,sa984,,
an4.199,sf14,,
an4.200,sa985,,
an4.201,sa1055,,
an4.207-210,sa1053,,
an4.233,t1536.7e,,
an4.250,t1536.10a,,
an4.251,t1536.10b,,
an4.252,t1536.10c,,
an4.253,t1536.10d,,
an4.259-260,sa921,,
an4.259-260,sa-2.147,,
an5.1,sa677-678,,
an5.2,ea32.1,,
an5.5,sa681-683,,
an5.13,sa673,,
an5.14-15,sa675,,
an5.21-22,ma49-50,,
an5.26,t1536.14,,
an5.29,ea-2.20,,
an5.29,sht46,,
an5.30,sa1250,,
an5.31,ma148,1,
an5.31,sa94,1,
an5.31,ea17.8,1,
an5.34,ea52.6,,
an5.34,ea32.10,1,
an5.34,sf130,,
an5.36,ea32.12,,
an5.36,ea-2.15,,
an5.37,ea32.11,,
an5.37,t132a,,
an5.40,ea50.7,,
an5.41,ma126,1,
an5.42,ea-2.13,,
an5.48,ea34.6,1,
an5.50,ea32.7,,
an5.51,ea-2.19,1,
an5.52,ea32.2,,
an5.52,sa767,1,
an5.57,ma117,1,
an5.75,ea33.3,,
an5.76,ea33.4,1,
an5.110,ea-2.21,,
an5.140,ea-2.26,,
an5.148,ea-2.16,,
an5.153,ea-2.17,,
an5.162,ma25,,
an5.166,ma22,,
an5.167,sa497,,
an5.168,ma48,,
an5.168,sa495,,
an5.170,sa484,,
an5.176,sa482,,
an5.179,ma128,,
an5.124,ea32.9,,
an5.192,ma158,,
sn46.55,an5.193,,
an5.195,sf245.11.12-20,,
an5.202,ea36.1,,
an1.40,sf180.12-13,,
an5.205,ma206,1,
an5.205,ea51.4,1,
an5.208,ea36.3,,
an5.215,ea-2.24,,
an5.216,ea-2.25,,
an5.221,ea33.7,,
an5.241-244,ea-2.22,1,
an5.250,ea-2.23,,
an6.1,t1536.15b,,
an6.2,ea37.5,,
an5.123,ea32.8,,
an7.3,sa689,,
an6.10,sa931,,
an6.10,sa-2.156,,
an6.10,t1536.16b,,
an6.10,t1537.8,,
an6.11,t1536.15d,,
an6.12,ea37.1,,
an6.12,t1536.15d,,
an6.25,t1536.16b,,
an6.19,ea40.8,,
an6.26,sa550,,
an6.30,t1536.16c,,
an6.32,t1536.15a,,
an6.35,t1536.16a,,
an6.36,t1536.15c,,
an6.37,ea37.4,1,
an6.38,sa459,,
an6.41,sa494,,
an6.42,sa1250-1251,,
an6.43,ma118,,
an6.44,sa991,,
an6.45,ma125,,
an6.52,ma149,,
an6.52,ea37.8,,
an6.54,ma130,,
an6.55,ma123,,
an6.55,sa254,,
an6.55,ea23.3,,
an6.55,t1421.21,,
an6.55,t1428.39,,
an6.55,sf274,,
an6.55,sf278,,
an6.56,sa1023,,
an6.57,t1536.16d,,
an6.60,ma82,,
an6.61,sa1164,,
an6.62,ma112,,
an6.62,t58,,
an6.63,ma111,,
an6.63,t57,,
an6.64,sa686-687,,
an7.4,sa691,,
an7.11-12,ea40.3,1,
an7.15,ma4,,
an7.15,t29,,
an7.15,ea39.3,,
an7.22,ma142,,
an7.22,ea40.2,,
an7.44,ea39.5,,
an7.47,sa93,,
an7.47,sa-2.259,,
an7.50,ea37.9,,
an7.50,sf40,,
an7.54,ma220,,
an7.54,t93,,
an7.55,ma6,,
an7.61,ma83,,
an8.6,t1425.4,,
an7.61,t47,,
an7.62,ma138,,
an7.62,sf210.61,,
an7.63,t141,,
an7.63,t142a,,
an7.63,t143,,
an7.63,ea51.9,,
an7.64,ma129,,
an7.65,ma45-46,,
an7.66,da5,,
an7.66,ma8,,
an7.66,t30,,
an7.66,ea40.1,,
an7.67,ma3,,
an7.67,ea39.4,,
an7.68,ma1,,
an7.68,t27,,
an7.68,ea39.1,,
an7.69,ma2,,
an7.69,t28,,
an7.69,ea39.2,,
an7.72,ma5,,
an7.72,ea33.10,,
an7.73-74,ma160,,
an8.5,ea43.8,,
an8.9,sa275,,
an8.9,sa-2.6,,
an8.10,ma122,,
an8.10,t64,,
an8.11,ma157,,
an8.11,t75,,
an8.12,ma18,,
an8.12,t1421.22,,
an8.12,t1428.42a,,
an8.13,sa925,,
an8.13,sa-2.150,,
an8.13,t115,,
an8.14,sa924,,
an8.14,sa-2.149,,
an8.14,t115,,
an8.17,ea44.5,1,
an8.19,ma35,,
an8.19,ea42.4,,
an8.20,ma37,,
an8.20,t33,,
an8.20,t34,,
an8.20,t35,,
an8.20,ea48.2,,
an8.20,t1421.28,,
an8.21-22,ma38,,
an8.23,ma41,,
an8.24,ma40,,
an8.25,sa929,,
an8.25,sa-2.154,,
an8.27,sa692,,
an8.27,sa693,,
an8.27,ea38.1,1,
an8.28,sa694-698,1,
an8.29,ma124,,
an8.29,ea42.1,,
an8.30,ma74,,
an8.30,t46,,
an8.30,ea42.6,,
an8.31,t1536.18a,,
an8.34,tib78,1,
an8.35,t1536.18c,,
an8.37,ea42.9,,
an8.41,ea43.2,,
an8.42,ma202,1,
an8.43,ma202,,
an8.43,t87,,
an8.43,t88,,
an8.43,t89,,
an8.51,ma116,,
an8.51,t60,,
an8.51,t1421.29a,,
an8.51,t1428.48,,
an8.51,t1451.29,,
an8.54,sf23,,
an8.55,sa91,,
an8.55,sa-2.91,,
an8.56,ea-2.28,,
an8.59-60,ea43.10,1,
an8.64,ma73,,
an8.65,t1536.19a,,
an8.66,t1536.18d,,
an8.69,ea42.7,,
an8.70,ma36,,
an8.70,ea42.5,,
an8.73,ea40.8,1,
an8.80,t1536.18b,,
an8.81,ma44-46,1,
an8.83,ma113,,
an8.83,t59,,
an8.86,sa1250,,
an9.1,ma57,,
an9.3,ma56,,
an9.6,ma107,1,
an9.6,ea45.3,1,
an9.10,ea44.8,,
an9.11,ma24,,
an9.11,ea37.6,,
an9.13,ma29,,
an9.13,sa344,1,
an9.15,ea-2.29,,
an9.20,ma155,,
an9.20,t72,,
an9.20,t73,,
an9.20,t74,,
an9.20,ea27.3,,
an9.22,sa919,,
an9.22,sa-2.145,,
an9.24,ea44.1,,
an9.26,sa499,,
an9.37,sa557,1,
an9.71-72,ma206,1,
an9.71-72,ea51.4,1,
an10.1,ma42,1,
an10.2,ma43,1,
an10.3,ma47,1,
an10.45,sa495,,
an10.45,ma48,1,
an10.17,ma95,1,
an10.20,ea46.2,,
an10.20,sa71,1,
an10.21,sa684,,
an10.21,sa701,,
an10.21,ea46.4,,
an10.21,t757.1,1,
an10.21,t780a,,
an10.21,t781,,
an10.21,t802,,
an10.21,sf95,,
an10.21,sf243,,
an10.21,sf261,,
an10.21,sf141,,
an10.24,ma90,,
an10.25,t1536.19b,,
an10.26,sa549,,
an10.27,ea46.8,,
an10.27,sa486-489,1,
an10.29,ma215,,
ea-2.41,an2.19_an3.29,,
ea-2.3,an3.29_sn22.57,,
an10.31,ea46.1,,
an10.45,ea46.6,,
an10.46,sa1121,,
an10.51,ma110,,
an10.53,ma95,,
an10.54,ma109,,
an10.55,ma96,,
an10.56,ea46.9,,
an10.57,ea46.10,,
an10.58,ma113,,
an10.58,t59,,
an10.60,dq100,,
an10.116,ma188,1,
an10.115,ma188,1,
an10.70,ea47.4,1,
an10.69,ea47.4,,
sn35.121,sa200,1,
an10.72,ma84,,
an10.75,sa990,,
an10.76,sa346,,
an10.76,sa760,,
an10.76,sf174,,
an10.83,sa966,,
an10.83,sa-2.200,,
an10.83,sf134,,
sa-2.200,sf78,1,
sa969,sf81,1,
an10.87,ma94,,
an10.91,ma126,,
an10.91,t65,,
an10.93,sa968,,
an10.93,sa-2.202,,
an10.93,sf132,,
an10.95,sa965,,
an10.95,sa-2.199,,
an10.96,sa967,,
an10.96,sa-2.201,,
an10.96,sf132,,
an10.96,sf92,,
sa966,sf78,1,
an10.103,sa786,,
an10.104,sa787-788,,
an10.108,ea21.7,,
an10.108,ea-2.45,,
an10.111,sa748,,
an10.115-116,ma188,,
an10.117,sa771,1,
an10.167,sa1040,,
an10.170,sa1051,,
an10.174,sa1049,,
an10.175,sa1050,,
an10.176,sa1039,,
an10.177,sa1041,,
an10.191,sa1052,,
an10.192,sa1054,,
an10.198,sa1060-1061,,
an10.199-210,sa1045,,
an10.216,sa1046,,
an10.217,sa1047,1,
an10.217,ea48.1,1,
an10.217-219,ma15,,
an10.221,sa1056,1,
an10.221,ea47.1,,
an10.222,sa1057,,
an10.223,sa1058,,
an10.224,sa1059,,
an11.1,ma42,,
an11.2,ma43,,
an11.3,ma47,,
an11.4-5,ma48,,
an11.4-5,sa495,,
an11.9,sa926,,
an11.9,sa-2.151,,
an11.11,sa932,,
an11.11,sa-2.157,,
an11.12,sa933,,
an11.13,sa858,,
an11.13,t113,,
an11.15,ea49.10,,
an11.15,t138,,
an11.15,sht4,,
an10.21,t780b,,
an8.20,t1435.33,,
sn56.11,t1435.60,1,
sn56.11,t1450.6,,
sn56.11,lal26,,
sn56.11,pancavaggiyakatha,,
sn56.11,ps2.7.1,,
sn4.25,lal21,,
sn56.12,t110,,
sn56.12,dq126,,
sn56.12,t1435.60,,
kp5,snp2.4,,
kp6,snp2.1,,
kp9,snp1.8,,
an10.217,an10.218,1,
an10.217,ma15,1,
an10.218,ma15,1,
an10.219,ma15,1,
sn10.8,ma28,1,
sn12.1-2,ea49.5,1,
sn12.13,sa353,,
sn12.14,sa352,,
sn2.15,sa-2.315,,
sn35.24,sa224,,
sn35.25,sa225,1,
sn4.3,sa1093,,
sn4.3,sa-2.32,,
sn4.5,mvu80,1,
sn4.5,sa1096,,
sn4.5,sbv50,1,
sn46.50,sa717,1,
sn46.76,sa747,,
sn55.26,mn143,1,
an10.61,ma52,1,
an10.61,ma53,1,
an10.61,t36,1,
an10.61,t37,1,
an10.62,ma51,1,
an10.62,ma52,,
an10.62,ma53,,
an10.62,t36,1,
an10.62,t37,1,
sa-2.4,sa1065,,
sa-2.6,sa1066,,
sa-2.11,sa1072,,
sa-2.13,sa1074,,
sa-2.14,sa1075,,
sa-2.15,sa1076,,
sa-2.19,sa1080,,
sa-2.21,sa1082,,
sa-2.76,sa1153,,
sa-2.82,sa1159,,
sa-2.84,sa1161,,
sa-2.85,sa1162,,
sa-2.86,sa1163,,
sa-2.87,sa1163,,
sa-2.92,sa1178,,
sa-2.153,sa928,,
sa-2.184,sa590,,
sa-2.185,sa591,,
sa-2.194,sa960,,
sa-2.205,sa971,,
sa-2.208,sa974,,
sa-2.209,sa975,,
sa-2.210,sa976,,
sa-2.212,sa978,,
sa-2.213,sa979,,
sa-2.239,sa1012,,
sa-2.254,sa1220,,
sa-2.255,sa1221,,
sa-2.256,sa993,,
sa-2.257,sa994,,
sa-2.260,sa94,,
sa-2.266,sa100,,
sa-2.268,sa102,,
sa-2.269,sa1270,,
sa-2.270,sa1271,,
sa-2.277,sa1279,,
sa-2.278,sa1280,,
sa-2.280,sa1282,,
sa-2.281,sa1283,,
sa-2.282,sa1284,,
sa-2.288,sa1290,,
sa-2.291,sa1293,,
sa-2.292,sa1294,,
sa-2.293,sa1295,,
sa-2.294,sa1296,,
sa-2.295,sa1297,,
sa-2.296,sa1298,,
sa-2.297,sa1299,,
sa-2.300,sa1301,,
sa-2.313,sa1314,,
sa1269,sa1316,1,
sa-2.319,sa1320,,
sa-2.322,sa1323,,
sa-2.328,sa1329,,
sa-2.329,sa1330,,
sa-2.337,sa944,,
sa-2.344,sa951,,
sa-2.347,sa954,,
sa-2.348,sa954,,
sa-2.349,sa955,,
sn4.4,mvu80,,
sn4.4,sbv50,,
sa1269,sa-2.315,1,
sa1316,sa-2.178,1,
sa-2.178,sa-2.315,1,
sn44.8,sa959,1,
sa959,sa-2.192,1,
sa959,sa-2.193,1,
sa959,sa-2.192-193,,
an2.44,sf119,,
an2.43,sf120,,
an2.42,sf121,,
an2.46,sf123,,
an5.193,sf124,,
an1.39,sf125,,
an1.40,sf126,,
an1.41,sf127,,
an1.42,sf128,,
an2.21,sf110,,
an2.141,sf111,,
an2.142,sf112,,
an2.11,sa-3.16,,
an2.126,ea15.10,,
an4.9,sf199.91,,
an5.205,mn16,1,
an5.223,ea33.8-9,,
an5.206,mn16,1,
an5.206,an10.14,1,
an5.206,ma206,1,
an5.206,ea51.4,1,
an5.203,sf186,,
an7.3,sa690,,
an8.54,sa91,1,
an8.54,sa-2.91,1,
dn16,an8.65,1,Corresponding section is DN ii 111–112.
dn16,an8.66,1,Corresponding section is DN ii 111–112.
dn16,an8.69,1,Corresponding section is DN ii 109–110.
dn16,an8.70,1,Corresponding section is DN ii 102–109.
an11.17,dq104,,
an3.31,an4.63,1,
an3.48,an5.40,1,
an3.50,an5.103,1,
an3.96,an4.259,1,
an3.98,an4.260,1,
an3.135,an7.36,1,
an4.34,an5.32,1,
it90,an4.34,1,
it90,an5.32,1,
an4.51,an5.45,1,
an4.112,an5.203,1,
an5.24,an6.50,1,
an5.24,an7.65,1,
an5.24,an8.81,1,
an5.24,an10.3,1,
an5.24,an11.3,1,
an6.50,an7.65,1,
an6.50,an8.81,1,
an6.50,an10.3,1,
an6.50,an11.3,1,
an7.65,an8.81,1,
an7.65,an10.3,1,
an7.65,an11.3,1,
an8.81,an10.3,1,
an8.81,an11.3,1,
an10.3,an11.3,1,
an5.34,an7.57,1,
an5.42,an8.38,1,
an5.61,an7.48,1,
an5.61,an9.16,1,
an5.61,an10.56,1,
an7.48,an9.16,1,
an7.48,an10.56,1,
an9.16,an10.56,1,
an5.201,an6.40,1,
an5.201,an7.59,1,
an6.40,an7.59,1,
an6.19,an8.73,1,
an6.20,an8.74,1,
an6.23,an8.56,1,
an6.31,an8.79,1,
an6.32,an7.32,1,
an6.33,an7.33,1,
an6.44,an10.75,1,
an6.64,an10.21,1,
an7.1,an8.3,1,
an7.13,an9.17,1,
an8.1,an11.15,1,
an8.28,an10.90,1,
an8.41,an9.18,1,
an8.71,an10.8,1,
an8.72,an10.9,1,
an8.82,an10.83,1,
an8.83,an10.58,1,
an9.10,an10.16,1,
an9.27,an10.92,1,
an9.29,an10.79,1,
an9.30,an10.80,1,
an10.1,an11.1,1,
an10.2,an11.2,1,
an10.4,an11.4,1,
an10.5,an11.5,1,
an10.6,an11.7,1,
an10.88,an11.6,1,
an5.63,an5.64,1,
an5.63,an10.74,1,
an5.64,an10.74,1,
an3.143-145,an11.10,1,
an4.61,an5.41,1,
dn16,an4.76,1,Corresponding section is DN ii 154–155.
mn142,an4.78,1,Corresponding section is MN iii 256–257.
sn12.65,sf28,,
up1.021,sa17,,
up2.071,sa11,,
up2.078,sa28,,
up4.081,mn15,,
up6.005,sa9,,
up9.001,sa8,1,
up9.004,sa11,1,
up9.004,sa12,1,
an8.63,ma76,,
sn47.3,an8.63,1,
sn12.1-2,sf238,,
sa-2.205,sf83,1,
an4.185,sf84,1,
sa972,sf84,1,
sa-2.206,sf84,1,
sa389,t219,,